[Server] Uncaught exception: Error: listen EADDRINUSE: address already in use :::5000
    at Server.setupListenHandle [as _listen2] (node:net:1937:16)
    at listenInCluster (node:net:1994:12)
    at Server.listen (node:net:2099:7)
    at file:///D:/video/fix_bug/GymManager-BE/index.js:150:8 {
  code: 'EADDRINUSE',
  errno: -4091,
  syscall: 'listen',
  address: '::',
  port: 5000
}
[2026-09-27T11:40:01.726Z] [PID: 15828] [32m[NODE-CRON][32m [33m[WARN][0m missed execution at Sun Sep 27 2026 15:40:00 GMT+0700 (Indochina Time)! Possible blocking IO or high CPU user at the same process used by node-cron.
[2026-09-27T11:40:01.740Z] [PID: 15828] [32m[NODE-CRON][32m [33m[WARN][0m missed execution at Sun Sep 27 2026 15:41:00 GMT+0700 (Indochina Time)! Possible blocking IO or high CPU user at the same process used by node-cron.
[2026-09-27T11:40:01.744Z] [PID: 15828] [32m[NODE-CRON][32m [33m[WARN][0m missed execution at Sun Sep 27 2026 15:42:00 GMT+0700 (Indochina Time)! Possible blocking IO or high CPU user at the same process used by node-cron.
[2026-09-27T11:40:01.744Z] [PID: 15828] [32m[NODE-CRON][32m [33m[WARN][0m missed execution at Sun Sep 27 2026 15:43:00 GMT+0700 (Indochina Time)! Possible blocking IO or high CPU user at the same process used by node-cron.
[2026-09-27T11:40:01.744Z] [PID: 15828] [32m[NODE-CRON][32m [33m[WARN][0m missed execution at Sun Sep 27 2026 15:44:00 GMT+0700 (Indochina Time)! Possible blocking IO or high CPU user at the same process used by node-cron.
[2026-09-27T11:40:01.746Z] [PID: 15828] [32m[NODE-CRON][32m [33m[WARN][0m missed execution at Sun Sep 27 2026 15:45:00 GMT+0700 (Indochina Time)! Possible blocking IO or high CPU user at the same process used by node-cron.
[2026-09-27T11:40:01.749Z] [PID: 15828] [32m[NODE-CRON][32m [33m[WARN][0m missed execution at Sun Sep 27 2026 15:46:00 GMT+0700 (Indochina Time)! Possible blocking IO or high CPU user at the same process used by node-cron.
[2026-09-27T11:40:01.751Z] [PID: 15828] [32m[NODE-CRON][32m [33m[WARN][0m missed execution at Sun Sep 27 2026 15:47:00 GMT+0700 (Indochina Time)! Possible blocking IO or high CPU user at the same process used by node-cron.
[2026-09-27T11:40:01.753Z] [PID: 15828] [32m[NODE-CRON][32m [33m[WARN][0m missed execution at Sun Sep 27 2026 15:48:00 GMT+0700 (Indochina Time)! Possible blocking IO or high CPU user at the same process used by node-cron.
[2026-09-27T11:40:01.754Z] [PID: 15828] [32m[NODE-CRON][32m [33m[WARN][0m missed execution at Sun Sep 27 2026 15:49:00 GMT+0700 (Indochina Time)! Possible blocking IO or high CPU user at the same process used by node-cron.
[2026-09-27T11:40:01.757Z] [PID: 15828] [32m[NODE-CRON][32m [33m[WARN][0m missed execution at Sun Sep 27 2026 15:50:00 GMT+0700 (Indochina Time)! Possible blocking IO or high CPU user at the same process used by node-cron.
[2026-09-27T11:40:01.758Z] [PID: 15828] [32m[NODE-CRON][32m [33m[WARN][0m missed execution at Sun Sep 27 2026 15:51:00 GMT+0700 (Indochina Time)! Possible blocking IO or high CPU user at the same process used by node-cron.
[2026-09-27T11:40:01.758Z] [PID: 15828] [32m[NODE-CRON][32m [33m[WARN][0m missed execution at Sun Sep 27 2026 15:52:00 GMT+0700 (Indochina Time)! Possible blocking IO or high CPU user at the same process used by node-cron.
[2026-09-27T11:40:01.759Z] [PID: 15828] [32m[NODE-CRON][32m [33m[WARN][0m missed execution at Sun Sep 27 2026 15:53:00 GMT+0700 (Indochina Time)! Possible blocking IO or high CPU user at the same process used by node-cron.
[2026-09-27T11:40:01.761Z] [PID: 15828] [32m[NODE-CRON][32m [33m[WARN][0m missed execution at Sun Sep 27 2026 15:54:00 GMT+0700 (Indochina Time)! Possible blocking IO or high CPU user at the same process used by node-cron.
[2026-09-27T11:40:01.761Z] [PID: 15828] [32m[NODE-CRON][32m [33m[WARN][0m missed execution at Sun Sep 27 2026 15:55:00 GMT+0700 (Indochina Time)! Possible blocking IO or high CPU user at the same process used by node-cron.
[2026-09-27T11:40:01.762Z] [PID: 15828] [32m[NODE-CRON][32m [33m[WARN][0m missed execution at Sun Sep 27 2026 15:56:00 GMT+0700 (Indochina Time)! Possible blocking IO or high CPU user at the same process used by node-cron.
[2026-09-27T11:40:01.762Z] [PID: 15828] [32m[NODE-CRON][32m [33m[WARN][0m missed execution at Sun Sep 27 2026 15:57:00 GMT+0700 (Indochina Time)! Possible blocking IO or high CPU user at the same process used by node-cron.
[2026-09-27T11:40:01.763Z] [PID: 15828] [32m[NODE-CRON][32m [33m[WARN][0m missed execution at Sun Sep 27 2026 15:58:00 GMT+0700 (Indochina Time)! Possible blocking IO or high CPU user at the same process used by node-cron.
[2026-09-27T11:40:01.763Z] [PID: 15828] [32m[NODE-CRON][32m [33m[WARN][0m missed execution at Sun Sep 27 2026 15:59:00 GMT+0700 (Indochina Time)! Possible blocking IO or high CPU user at the same process used by node-cron.
[2026-09-27T11:40:01.764Z] [PID: 15828] [32m[NODE-CRON][32m [33m[WARN][0m missed execution at Sun Sep 27 2026 16:00:00 GMT+0700 (Indochina Time)! Possible blocking IO or high CPU user at the same process used by node-cron.
[2026-09-27T11:40:01.765Z] [PID: 15828] [32m[NODE-CRON][32m [33m[WARN][0m missed execution at Sun Sep 27 2026 16:01:00 GMT+0700 (Indochina Time)! Possible blocking IO or high CPU user at the same process used by node-cron.
[2026-09-27T11:40:01.765Z] [PID: 15828] [32m[NODE-CRON][32m [33m[WARN][0m missed execution at Sun Sep 27 2026 16:02:00 GMT+0700 (Indochina Time)! Possible blocking IO or high CPU user at the same process used by node-cron.
[2026-09-27T11:40:01.766Z] [PID: 15828] [32m[NODE-CRON][32m [33m[WARN][0m missed execution at Sun Sep 27 2026 16:03:00 GMT+0700 (Indochina Time)! Possible blocking IO or high CPU user at the same process used by node-cron.
[2026-09-27T11:40:01.768Z] [PID: 15828] [32m[NODE-CRON][32m [33m[WARN][0m missed execution at Sun Sep 27 2026 16:04:00 GMT+0700 (Indochina Time)! Possible blocking IO or high CPU user at the same process used by node-cron.
[2026-09-27T11:40:01.769Z] [PID: 15828] [32m[NODE-CRON][32m [33m[WARN][0m missed execution at Sun Sep 27 2026 16:05:00 GMT+0700 (Indochina Time)! Possible blocking IO or high CPU user at the same process used by node-cron.
[2026-09-27T11:40:01.770Z] [PID: 15828] [32m[NODE-CRON][32m [33m[WARN][0m missed execution at Sun Sep 27 2026 16:06:00 GMT+0700 (Indochina Time)! Possible blocking IO or high CPU user at the same process used by node-cron.
[2026-09-27T11:40:01.771Z] [PID: 15828] [32m[NODE-CRON][32m [33m[WARN][0m missed execution at Sun Sep 27 2026 16:07:00 GMT+0700 (Indochina Time)! Possible blocking IO or high CPU user at the same process used by node-cron.
[2026-09-27T11:40:01.771Z] [PID: 15828] [32m[NODE-CRON][32m [33m[WARN][0m missed execution at Sun Sep 27 2026 16:08:00 GMT+0700 (Indochina Time)! Possible blocking IO or high CPU user at the same process used by node-cron.
[2026-09-27T11:40:01.772Z] [PID: 15828] [32m[NODE-CRON][32m [33m[WARN][0m missed execution at Sun Sep 27 2026 16:09:00 GMT+0700 (Indochina Time)! Possible blocking IO or high CPU user at the same process used by node-cron.
[2026-09-27T11:40:01.773Z] [PID: 15828] [32m[NODE-CRON][32m [33m[WARN][0m missed execution at Sun Sep 27 2026 16:10:00 GMT+0700 (Indochina Time)! Possible blocking IO or high CPU user at the same process used by node-cron.
[2026-09-27T11:40:01.773Z] [PID: 15828] [32m[NODE-CRON][32m [33m[WARN][0m missed execution at Sun Sep 27 2026 16:11:00 GMT+0700 (Indochina Time)! Possible blocking IO or high CPU user at the same process used by node-cron.
[2026-09-27T11:40:01.773Z] [PID: 15828] [32m[NODE-CRON][32m [33m[WARN][0m missed execution at Sun Sep 27 2026 16:12:00 GMT+0700 (Indochina Time)! Possible blocking IO or high CPU user at the same process used by node-cron.
[2026-09-27T11:40:01.773Z] [PID: 15828] [32m[NODE-CRON][32m [33m[WARN][0m missed execution at Sun Sep 27 2026 16:13:00 GMT+0700 (Indochina Time)! Possible blocking IO or high CPU user at the same process used by node-cron.
[2026-09-27T11:40:01.774Z] [PID: 15828] [32m[NODE-CRON][32m [33m[WARN][0m missed execution at Sun Sep 27 2026 16:14:00 GMT+0700 (Indochina Time)! Possible blocking IO or high CPU user at the same process used by node-cron.
[2026-09-27T11:40:01.774Z] [PID: 15828] [32m[NODE-CRON][32m [33m[WARN][0m missed execution at Sun Sep 27 2026 16:15:00 GMT+0700 (Indochina Time)! Possible blocking IO or high CPU user at the same process used by node-cron.
[2026-09-27T11:40:01.774Z] [PID: 15828] [32m[NODE-CRON][32m [33m[WARN][0m missed execution at Sun Sep 27 2026 16:16:00 GMT+0700 (Indochina Time)! Possible blocking IO or high CPU user at the same process used by node-cron.
[2026-09-27T11:40:01.775Z] [PID: 15828] [32m[NODE-CRON][32m [33m[WARN][0m missed execution at Sun Sep 27 2026 16:17:00 GMT+0700 (Indochina Time)! Possible blocking IO or high CPU user at the same process used by node-cron.
[2026-09-27T11:40:01.775Z] [PID: 15828] [32m[NODE-CRON][32m [33m[WARN][0m missed execution at Sun Sep 27 2026 16:18:00 GMT+0700 (Indochina Time)! Possible blocking IO or high CPU user at the same process used by node-cron.
[2026-09-27T11:40:01.775Z] [PID: 15828] [32m[NODE-CRON][32m [33m[WARN][0m missed execution at Sun Sep 27 2026 16:19:00 GMT+0700 (Indochina Time)! Possible blocking IO or high CPU user at the same process used by node-cron.
[2026-09-27T11:40:01.775Z] [PID: 15828] [32m[NODE-CRON][32m [33m[WARN][0m missed execution at Sun Sep 27 2026 16:20:00 GMT+0700 (Indochina Time)! Possible blocking IO or high CPU user at the same process used by node-cron.
[2026-09-27T11:40:01.776Z] [PID: 15828] [32m[NODE-CRON][32m [33m[WARN][0m missed execution at Sun Sep 27 2026 16:21:00 GMT+0700 (Indochina Time)! Possible blocking IO or high CPU user at the same process used by node-cron.
[2026-09-27T11:40:01.776Z] [PID: 15828] [32m[NODE-CRON][32m [33m[WARN][0m missed execution at Sun Sep 27 2026 16:22:00 GMT+0700 (Indochina Time)! Possible blocking IO or high CPU user at the same process used by node-cron.
[2026-09-27T11:40:01.776Z] [PID: 15828] [32m[NODE-CRON][32m [33m[WARN][0m missed execution at Sun Sep 27 2026 16:23:00 GMT+0700 (Indochina Time)! Possible blocking IO or high CPU user at the same process used by node-cron.
[2026-09-27T11:40:01.777Z] [PID: 15828] [32m[NODE-CRON][32m [33m[WARN][0m missed execution at Sun Sep 27 2026 16:24:00 GMT+0700 (Indochina Time)! Possible blocking IO or high CPU user at the same process used by node-cron.
[2026-09-27T11:40:01.777Z] [PID: 15828] [32m[NODE-CRON][32m [33m[WARN][0m missed execution at Sun Sep 27 2026 16:25:00 GMT+0700 (Indochina Time)! Possible blocking IO or high CPU user at the same process used by node-cron.
[2026-09-27T11:40:01.778Z] [PID: 15828] [32m[NODE-CRON][32m [33m[WARN][0m missed execution at Sun Sep 27 2026 16:26:00 GMT+0700 (Indochina Time)! Possible blocking IO or high CPU user at the same process used by node-cron.
[2026-09-27T11:40:01.779Z] [PID: 15828] [32m[NODE-CRON][32m [33m[WARN][0m missed execution at Sun Sep 27 2026 16:27:00 GMT+0700 (Indochina Time)! Possible blocking IO or high CPU user at the same process used by node-cron.
[2026-09-27T11:40:01.779Z] [PID: 15828] [32m[NODE-CRON][32m [33m[WARN][0m missed execution at Sun Sep 27 2026 16:28:00 GMT+0700 (Indochina Time)! Possible blocking IO or high CPU user at the same process used by node-cron.
[2026-09-27T11:40:01.779Z] [PID: 15828] [32m[NODE-CRON][32m [33m[WARN][0m missed execution at Sun Sep 27 2026 16:29:00 GMT+0700 (Indochina Time)! Possible blocking IO or high CPU user at the same process used by node-cron.
[2026-09-27T11:40:01.780Z] [PID: 15828] [32m[NODE-CRON][32m [33m[WARN][0m missed execution at Sun Sep 27 2026 16:30:00 GMT+0700 (Indochina Time)! Possible blocking IO or high CPU user at the same process used by node-cron.
[2026-09-27T11:40:01.780Z] [PID: 15828] [32m[NODE-CRON][32m [33m[WARN][0m missed execution at Sun Sep 27 2026 16:31:00 GMT+0700 (Indochina Time)! Possible blocking IO or high CPU user at the same process used by node-cron.
[2026-09-27T11:40:01.780Z] [PID: 15828] [32m[NODE-CRON][32m [33m[WARN][0m missed execution at Sun Sep 27 2026 16:32:00 GMT+0700 (Indochina Time)! Possible blocking IO or high CPU user at the same process used by node-cron.
[2026-09-27T11:40:01.781Z] [PID: 15828] [32m[NODE-CRON][32m [33m[WARN][0m missed execution at Sun Sep 27 2026 16:33:00 GMT+0700 (Indochina Time)! Possible blocking IO or high CPU user at the same process used by node-cron.
[2026-09-27T11:40:01.781Z] [PID: 15828] [32m[NODE-CRON][32m [33m[WARN][0m missed execution at Sun Sep 27 2026 16:34:00 GMT+0700 (Indochina Time)! Possible blocking IO or high CPU user at the same process used by node-cron.
[2026-09-27T11:40:01.782Z] [PID: 15828] [32m[NODE-CRON][32m [33m[WARN][0m missed execution at Sun Sep 27 2026 16:35:00 GMT+0700 (Indochina Time)! Possible blocking IO or high CPU user at the same process used by node-cron.
[2026-09-27T11:40:01.782Z] [PID: 15828] [32m[NODE-CRON][32m [33m[WARN][0m missed execution at Sun Sep 27 2026 16:36:00 GMT+0700 (Indochina Time)! Possible blocking IO or high CPU user at the same process used by node-cron.
[2026-09-27T11:40:01.783Z] [PID: 15828] [32m[NODE-CRON][32m [33m[WARN][0m missed execution at Sun Sep 27 2026 16:37:00 GMT+0700 (Indochina Time)! Possible blocking IO or high CPU user at the same process used by node-cron.
[2026-09-27T11:40:01.784Z] [PID: 15828] [32m[NODE-CRON][32m [33m[WARN][0m missed execution at Sun Sep 27 2026 16:38:00 GMT+0700 (Indochina Time)! Possible blocking IO or high CPU user at the same process used by node-cron.
[2026-09-27T11:40:01.784Z] [PID: 15828] [32m[NODE-CRON][32m [33m[WARN][0m missed execution at Sun Sep 27 2026 16:39:00 GMT+0700 (Indochina Time)! Possible blocking IO or high CPU user at the same process used by node-cron.
[2026-09-27T11:40:01.784Z] [PID: 15828] [32m[NODE-CRON][32m [33m[WARN][0m missed execution at Sun Sep 27 2026 16:40:00 GMT+0700 (Indochina Time)! Possible blocking IO or high CPU user at the same process used by node-cron.
[2026-09-27T11:40:01.785Z] [PID: 15828] [32m[NODE-CRON][32m [33m[WARN][0m missed execution at Sun Sep 27 2026 16:41:00 GMT+0700 (Indochina Time)! Possible blocking IO or high CPU user at the same process used by node-cron.
[2026-09-27T11:40:01.786Z] [PID: 15828] [32m[NODE-CRON][32m [33m[WARN][0m missed execution at Sun Sep 27 2026 16:42:00 GMT+0700 (Indochina Time)! Possible blocking IO or high CPU user at the same process used by node-cron.
[2026-09-27T11:40:01.787Z] [PID: 15828] [32m[NODE-CRON][32m [33m[WARN][0m missed execution at Sun Sep 27 2026 16:43:00 GMT+0700 (Indochina Time)! Possible blocking IO or high CPU user at the same process used by node-cron.
[2026-09-27T11:40:01.787Z] [PID: 15828] [32m[NODE-CRON][32m [33m[WARN][0m missed execution at Sun Sep 27 2026 16:44:00 GMT+0700 (Indochina Time)! Possible blocking IO or high CPU user at the same process used by node-cron.
[2026-09-27T11:40:01.788Z] [PID: 15828] [32m[NODE-CRON][32m [33m[WARN][0m missed execution at Sun Sep 27 2026 16:45:00 GMT+0700 (Indochina Time)! Possible blocking IO or high CPU user at the same process used by node-cron.
[2026-09-27T11:40:01.788Z] [PID: 15828] [32m[NODE-CRON][32m [33m[WARN][0m missed execution at Sun Sep 27 2026 16:46:00 GMT+0700 (Indochina Time)! Possible blocking IO or high CPU user at the same process used by node-cron.
[2026-09-27T11:40:01.788Z] [PID: 15828] [32m[NODE-CRON][32m [33m[WARN][0m missed execution at Sun Sep 27 2026 16:47:00 GMT+0700 (Indochina Time)! Possible blocking IO or high CPU user at the same process used by node-cron.
[2026-09-27T11:40:01.788Z] [PID: 15828] [32m[NODE-CRON][32m [33m[WARN][0m missed execution at Sun Sep 27 2026 16:48:00 GMT+0700 (Indochina Time)! Possible blocking IO or high CPU user at the same process used by node-cron.
[2026-09-27T11:40:01.789Z] [PID: 15828] [32m[NODE-CRON][32m [33m[WARN][0m missed execution at Sun Sep 27 2026 16:49:00 GMT+0700 (Indochina Time)! Possible blocking IO or high CPU user at the same process used by node-cron.
[2026-09-27T11:40:01.790Z] [PID: 15828] [32m[NODE-CRON][32m [33m[WARN][0m missed execution at Sun Sep 27 2026 16:50:00 GMT+0700 (Indochina Time)! Possible blocking IO or high CPU user at the same process used by node-cron.
[2026-09-27T11:40:01.790Z] [PID: 15828] [32m[NODE-CRON][32m [33m[WARN][0m missed execution at Sun Sep 27 2026 16:51:00 GMT+0700 (Indochina Time)! Possible blocking IO or high CPU user at the same process used by node-cron.
[2026-09-27T11:40:01.791Z] [PID: 15828] [32m[NODE-CRON][32m [33m[WARN][0m missed execution at Sun Sep 27 2026 16:52:00 GMT+0700 (Indochina Time)! Possible blocking IO or high CPU user at the same process used by node-cron.
[2026-09-27T11:40:01.791Z] [PID: 15828] [32m[NODE-CRON][32m [33m[WARN][0m missed execution at Sun Sep 27 2026 16:53:00 GMT+0700 (Indochina Time)! Possible blocking IO or high CPU user at the same process used by node-cron.
[2026-09-27T11:40:01.792Z] [PID: 15828] [32m[NODE-CRON][32m [33m[WARN][0m missed execution at Sun Sep 27 2026 16:54:00 GMT+0700 (Indochina Time)! Possible blocking IO or high CPU user at the same process used by node-cron.
[2026-09-27T11:40:01.793Z] [PID: 15828] [32m[NODE-CRON][32m [33m[WARN][0m missed execution at Sun Sep 27 2026 16:55:00 GMT+0700 (Indochina Time)! Possible blocking IO or high CPU user at the same process used by node-cron.
[2026-09-27T11:40:01.793Z] [PID: 15828] [32m[NODE-CRON][32m [33m[WARN][0m missed execution at Sun Sep 27 2026 16:56:00 GMT+0700 (Indochina Time)! Possible blocking IO or high CPU user at the same process used by node-cron.
[2026-09-27T11:40:01.795Z] [PID: 15828] [32m[NODE-CRON][32m [33m[WARN][0m missed execution at Sun Sep 27 2026 16:57:00 GMT+0700 (Indochina Time)! Possible blocking IO or high CPU user at the same process used by node-cron.
[2026-09-27T11:40:01.796Z] [PID: 15828] [32m[NODE-CRON][32m [33m[WARN][0m missed execution at Sun Sep 27 2026 16:58:00 GMT+0700 (Indochina Time)! Possible blocking IO or high CPU user at the same process used by node-cron.
[2026-09-27T11:40:01.797Z] [PID: 15828] [32m[NODE-CRON][32m [33m[WARN][0m missed execution at Sun Sep 27 2026 16:59:00 GMT+0700 (Indochina Time)! Possible blocking IO or high CPU user at the same process used by node-cron.
[2026-09-27T11:40:01.798Z] [PID: 15828] [32m[NODE-CRON][32m [33m[WARN][0m missed execution at Sun Sep 27 2026 17:00:00 GMT+0700 (Indochina Time)! Possible blocking IO or high CPU user at the same process used by node-cron.
[2026-09-27T11:40:01.800Z] [PID: 15828] [32m[NODE-CRON][32m [33m[WARN][0m missed execution at Sun Sep 27 2026 17:01:00 GMT+0700 (Indochina Time)! Possible blocking IO or high CPU user at the same process used by node-cron.
[2026-09-27T11:40:01.801Z] [PID: 15828] [32m[NODE-CRON][32m [33m[WARN][0m missed execution at Sun Sep 27 2026 17:02:00 GMT+0700 (Indochina Time)! Possible blocking IO or high CPU user at the same process used by node-cron.
[2026-09-27T11:40:01.803Z] [PID: 15828] [32m[NODE-CRON][32m [33m[WARN][0m missed execution at Sun Sep 27 2026 17:03:00 GMT+0700 (Indochina Time)! Possible blocking IO or high CPU user at the same process used by node-cron.
[2026-09-27T11:40:01.804Z] [PID: 15828] [32m[NODE-CRON][32m [33m[WARN][0m missed execution at Sun Sep 27 2026 17:04:00 GMT+0700 (Indochina Time)! Possible blocking IO or high CPU user at the same process used by node-cron.
[2026-09-27T11:40:01.806Z] [PID: 15828] [32m[NODE-CRON][32m [33m[WARN][0m missed execution at Sun Sep 27 2026 17:05:00 GMT+0700 (Indochina Time)! Possible blocking IO or high CPU user at the same process used by node-cron.
[2026-09-27T11:40:01.808Z] [PID: 15828] [32m[NODE-CRON][32m [33m[WARN][0m missed execution at Sun Sep 27 2026 17:06:00 GMT+0700 (Indochina Time)! Possible blocking IO or high CPU user at the same process used by node-cron.
[2026-09-27T11:40:01.808Z] [PID: 15828] [32m[NODE-CRON][32m [33m[WARN][0m missed execution at Sun Sep 27 2026 17:07:00 GMT+0700 (Indochina Time)! Possible blocking IO or high CPU user at the same process used by node-cron.
[2026-09-27T11:40:01.809Z] [PID: 15828] [32m[NODE-CRON][32m [33m[WARN][0m missed execution at Sun Sep 27 2026 17:08:00 GMT+0700 (Indochina Time)! Possible blocking IO or high CPU user at the same process used by node-cron.
[2026-09-27T11:40:01.810Z] [PID: 15828] [32m[NODE-CRON][32m [33m[WARN][0m missed execution at Sun Sep 27 2026 17:09:00 GMT+0700 (Indochina Time)! Possible blocking IO or high CPU user at the same process used by node-cron.
[2026-09-27T11:40:01.810Z] [PID: 15828] [32m[NODE-CRON][32m [33m[WARN][0m missed execution at Sun Sep 27 2026 17:10:00 GMT+0700 (Indochina Time)! Possible blocking IO or high CPU user at the same process used by node-cron.
[2026-09-27T11:40:01.811Z] [PID: 15828] [32m[NODE-CRON][32m [33m[WARN][0m missed execution at Sun Sep 27 2026 17:11:00 GMT+0700 (Indochina Time)! Possible blocking IO or high CPU user at the same process used by node-cron.
[2026-09-27T11:40:01.811Z] [PID: 15828] [32m[NODE-CRON][32m [33m[WARN][0m missed execution at Sun Sep 27 2026 17:12:00 GMT+0700 (Indochina Time)! Possible blocking IO or high CPU user at the same process used by node-cron.
[2026-09-27T11:40:01.812Z] [PID: 15828] [32m[NODE-CRON][32m [33m[WARN][0m missed execution at Sun Sep 27 2026 17:13:00 GMT+0700 (Indochina Time)! Possible blocking IO or high CPU user at the same process used by node-cron.
[2026-09-27T11:40:01.812Z] [PID: 15828] [32m[NODE-CRON][32m [33m[WARN][0m missed execution at Sun Sep 27 2026 17:14:00 GMT+0700 (Indochina Time)! Possible blocking IO or high CPU user at the same process used by node-cron.
[2026-09-27T11:40:01.813Z] [PID: 15828] [32m[NODE-CRON][32m [33m[WARN][0m missed execution at Sun Sep 27 2026 17:15:00 GMT+0700 (Indochina Time)! Possible blocking IO or high CPU user at the same process used by node-cron.
[2026-09-27T11:40:01.813Z] [PID: 15828] [32m[NODE-CRON][32m [33m[WARN][0m missed execution at Sun Sep 27 2026 17:16:00 GMT+0700 (Indochina Time)! Possible blocking IO or high CPU user at the same process used by node-cron.
[2026-09-27T11:40:01.814Z] [PID: 15828] [32m[NODE-CRON][32m [33m[WARN][0m missed execution at Sun Sep 27 2026 17:17:00 GMT+0700 (Indochina Time)! Possible blocking IO or high CPU user at the same process used by node-cron.
[2026-09-27T11:40:01.815Z] [PID: 15828] [32m[NODE-CRON][32m [33m[WARN][0m missed execution at Sun Sep 27 2026 17:18:00 GMT+0700 (Indochina Time)! Possible blocking IO or high CPU user at the same process used by node-cron.
[2026-09-27T11:40:01.815Z] [PID: 15828] [32m[NODE-CRON][32m [33m[WARN][0m missed execution at Sun Sep 27 2026 17:19:00 GMT+0700 (Indochina Time)! Possible blocking IO or high CPU user at the same process used by node-cron.
[2026-09-27T11:40:01.816Z] [PID: 15828] [32m[NODE-CRON][32m [33m[WARN][0m missed execution at Sun Sep 27 2026 17:20:00 GMT+0700 (Indochina Time)! Possible blocking IO or high CPU user at the same process used by node-cron.
[2026-09-27T11:40:01.817Z] [PID: 15828] [32m[NODE-CRON][32m [33m[WARN][0m missed execution at Sun Sep 27 2026 17:21:00 GMT+0700 (Indochina Time)! Possible blocking IO or high CPU user at the same process used by node-cron.
[2026-09-27T11:40:01.817Z] [PID: 15828] [32m[NODE-CRON][32m [33m[WARN][0m missed execution at Sun Sep 27 2026 17:22:00 GMT+0700 (Indochina Time)! Possible blocking IO or high CPU user at the same process used by node-cron.
[2026-09-27T11:40:01.817Z] [PID: 15828] [32m[NODE-CRON][32m [33m[WARN][0m missed execution at Sun Sep 27 2026 17:23:00 GMT+0700 (Indochina Time)! Possible blocking IO or high CPU user at the same process used by node-cron.
[2026-09-27T11:40:01.818Z] [PID: 15828] [32m[NODE-CRON][32m [33m[WARN][0m missed execution at Sun Sep 27 2026 17:24:00 GMT+0700 (Indochina Time)! Possible blocking IO or high CPU user at the same process used by node-cron.
[2026-09-27T11:40:01.818Z] [PID: 15828] [32m[NODE-CRON][32m [33m[WARN][0m missed execution at Sun Sep 27 2026 17:25:00 GMT+0700 (Indochina Time)! Possible blocking IO or high CPU user at the same process used by node-cron.
[2026-09-27T11:40:01.820Z] [PID: 15828] [32m[NODE-CRON][32m [33m[WARN][0m missed execution at Sun Sep 27 2026 17:26:00 GMT+0700 (Indochina Time)! Possible blocking IO or high CPU user at the same process used by node-cron.
[2026-09-27T11:40:01.821Z] [PID: 15828] [32m[NODE-CRON][32m [33m[WARN][0m missed execution at Sun Sep 27 2026 17:27:00 GMT+0700 (Indochina Time)! Possible blocking IO or high CPU user at the same process used by node-cron.
[2026-09-27T11:40:01.823Z] [PID: 15828] [32m[NODE-CRON][32m [33m[WARN][0m missed execution at Sun Sep 27 2026 17:28:00 GMT+0700 (Indochina Time)! Possible blocking IO or high CPU user at the same process used by node-cron.
[2026-09-27T11:40:01.828Z] [PID: 15828] [32m[NODE-CRON][32m [33m[WARN][0m missed execution at Sun Sep 27 2026 17:29:00 GMT+0700 (Indochina Time)! Possible blocking IO or high CPU user at the same process used by node-cron.
[2026-09-27T11:40:01.829Z] [PID: 15828] [32m[NODE-CRON][32m [33m[WARN][0m missed execution at Sun Sep 27 2026 17:30:00 GMT+0700 (Indochina Time)! Possible blocking IO or high CPU user at the same process used by node-cron.
[2026-09-27T11:40:01.838Z] [PID: 15828] [32m[NODE-CRON][32m [33m[WARN][0m missed execution at Sun Sep 27 2026 17:31:00 GMT+0700 (Indochina Time)! Possible blocking IO or high CPU user at the same process used by node-cron.
[2026-09-27T11:40:01.839Z] [PID: 15828] [32m[NODE-CRON][32m [33m[WARN][0m missed execution at Sun Sep 27 2026 17:32:00 GMT+0700 (Indochina Time)! Possible blocking IO or high CPU user at the same process used by node-cron.
[2026-09-27T11:40:01.840Z] [PID: 15828] [32m[NODE-CRON][32m [33m[WARN][0m missed execution at Sun Sep 27 2026 17:33:00 GMT+0700 (Indochina Time)! Possible blocking IO or high CPU user at the same process used by node-cron.
[2026-09-27T11:40:01.841Z] [PID: 15828] [32m[NODE-CRON][32m [33m[WARN][0m missed execution at Sun Sep 27 2026 17:34:00 GMT+0700 (Indochina Time)! Possible blocking IO or high CPU user at the same process used by node-cron.
[2026-09-27T11:40:01.842Z] [PID: 15828] [32m[NODE-CRON][32m [33m[WARN][0m missed execution at Sun Sep 27 2026 17:35:00 GMT+0700 (Indochina Time)! Possible blocking IO or high CPU user at the same process used by node-cron.
[2026-09-27T11:40:01.844Z] [PID: 15828] [32m[NODE-CRON][32m [33m[WARN][0m missed execution at Sun Sep 27 2026 17:36:00 GMT+0700 (Indochina Time)! Possible blocking IO or high CPU user at the same process used by node-cron.
[2026-09-27T11:40:01.845Z] [PID: 15828] [32m[NODE-CRON][32m [33m[WARN][0m missed execution at Sun Sep 27 2026 17:37:00 GMT+0700 (Indochina Time)! Possible blocking IO or high CPU user at the same process used by node-cron.
[2026-09-27T11:40:01.846Z] [PID: 15828] [32m[NODE-CRON][32m [33m[WARN][0m missed execution at Sun Sep 27 2026 17:38:00 GMT+0700 (Indochina Time)! Possible blocking IO or high CPU user at the same process used by node-cron.
[2026-09-27T11:40:01.847Z] [PID: 15828] [32m[NODE-CRON][32m [33m[WARN][0m missed execution at Sun Sep 27 2026 17:39:00 GMT+0700 (Indochina Time)! Possible blocking IO or high CPU user at the same process used by node-cron.
[2026-09-27T11:40:01.849Z] [PID: 15828] [32m[NODE-CRON][32m [33m[WARN][0m missed execution at Sun Sep 27 2026 17:40:00 GMT+0700 (Indochina Time)! Possible blocking IO or high CPU user at the same process used by node-cron.
[2026-09-27T11:40:01.850Z] [PID: 15828] [32m[NODE-CRON][32m [33m[WARN][0m missed execution at Sun Sep 27 2026 17:41:00 GMT+0700 (Indochina Time)! Possible blocking IO or high CPU user at the same process used by node-cron.
[2026-09-27T11:40:01.850Z] [PID: 15828] [32m[NODE-CRON][32m [33m[WARN][0m missed execution at Sun Sep 27 2026 17:42:00 GMT+0700 (Indochina Time)! Possible blocking IO or high CPU user at the same process used by node-cron.
[2026-09-27T11:40:01.851Z] [PID: 15828] [32m[NODE-CRON][32m [33m[WARN][0m missed execution at Sun Sep 27 2026 17:43:00 GMT+0700 (Indochina Time)! Possible blocking IO or high CPU user at the same process used by node-cron.
[2026-09-27T11:40:01.852Z] [PID: 15828] [32m[NODE-CRON][32m [33m[WARN][0m missed execution at Sun Sep 27 2026 17:44:00 GMT+0700 (Indochina Time)! Possible blocking IO or high CPU user at the same process used by node-cron.
[2026-09-27T11:40:01.852Z] [PID: 15828] [32m[NODE-CRON][32m [33m[WARN][0m missed execution at Sun Sep 27 2026 17:45:00 GMT+0700 (Indochina Time)! Possible blocking IO or high CPU user at the same process used by node-cron.
[2026-09-27T11:40:01.853Z] [PID: 15828] [32m[NODE-CRON][32m [33m[WARN][0m missed execution at Sun Sep 27 2026 17:46:00 GMT+0700 (Indochina Time)! Possible blocking IO or high CPU user at the same process used by node-cron.
[2026-09-27T11:40:01.854Z] [PID: 15828] [32m[NODE-CRON][32m [33m[WARN][0m missed execution at Sun Sep 27 2026 17:47:00 GMT+0700 (Indochina Time)! Possible blocking IO or high CPU user at the same process used by node-cron.
[2026-09-27T11:40:01.855Z] [PID: 15828] [32m[NODE-CRON][32m [33m[WARN][0m missed execution at Sun Sep 27 2026 17:48:00 GMT+0700 (Indochina Time)! Possible blocking IO or high CPU user at the same process used by node-cron.
[2026-09-27T11:40:01.855Z] [PID: 15828] [32m[NODE-CRON][32m [33m[WARN][0m missed execution at Sun Sep 27 2026 17:49:00 GMT+0700 (Indochina Time)! Possible blocking IO or high CPU user at the same process used by node-cron.
[2026-09-27T11:40:01.856Z] [PID: 15828] [32m[NODE-CRON][32m [33m[WARN][0m missed execution at Sun Sep 27 2026 17:50:00 GMT+0700 (Indochina Time)! Possible blocking IO or high CPU user at the same process used by node-cron.
[2026-09-27T11:40:01.857Z] [PID: 15828] [32m[NODE-CRON][32m [33m[WARN][0m missed execution at Sun Sep 27 2026 17:51:00 GMT+0700 (Indochina Time)! Possible blocking IO or high CPU user at the same process used by node-cron.
[2026-09-27T11:40:01.857Z] [PID: 15828] [32m[NODE-CRON][32m [33m[WARN][0m missed execution at Sun Sep 27 2026 17:52:00 GMT+0700 (Indochina Time)! Possible blocking IO or high CPU user at the same process used by node-cron.
[2026-09-27T11:40:01.858Z] [PID: 15828] [32m[NODE-CRON][32m [33m[WARN][0m missed execution at Sun Sep 27 2026 17:53:00 GMT+0700 (Indochina Time)! Possible blocking IO or high CPU user at the same process used by node-cron.
[2026-09-27T11:40:01.859Z] [PID: 15828] [32m[NODE-CRON][32m [33m[WARN][0m missed execution at Sun Sep 27 2026 17:54:00 GMT+0700 (Indochina Time)! Possible blocking IO or high CPU user at the same process used by node-cron.
[2026-09-27T11:40:01.859Z] [PID: 15828] [32m[NODE-CRON][32m [33m[WARN][0m missed execution at Sun Sep 27 2026 17:55:00 GMT+0700 (Indochina Time)! Possible blocking IO or high CPU user at the same process used by node-cron.
[2026-09-27T11:40:01.861Z] [PID: 15828] [32m[NODE-CRON][32m [33m[WARN][0m missed execution at Sun Sep 27 2026 17:56:00 GMT+0700 (Indochina Time)! Possible blocking IO or high CPU user at the same process used by node-cron.
[2026-09-27T11:40:01.862Z] [PID: 15828] [32m[NODE-CRON][32m [33m[WARN][0m missed execution at Sun Sep 27 2026 17:57:00 GMT+0700 (Indochina Time)! Possible blocking IO or high CPU user at the same process used by node-cron.
[2026-09-27T11:40:01.864Z] [PID: 15828] [32m[NODE-CRON][32m [33m[WARN][0m missed execution at Sun Sep 27 2026 17:58:00 GMT+0700 (Indochina Time)! Possible blocking IO or high CPU user at the same process used by node-cron.
[2026-09-27T11:40:01.865Z] [PID: 15828] [32m[NODE-CRON][32m [33m[WARN][0m missed execution at Sun Sep 27 2026 17:59:00 GMT+0700 (Indochina Time)! Possible blocking IO or high CPU user at the same process used by node-cron.
[2026-09-27T11:40:01.867Z] [PID: 15828] [32m[NODE-CRON][32m [33m[WARN][0m missed execution at Sun Sep 27 2026 18:00:00 GMT+0700 (Indochina Time)! Possible blocking IO or high CPU user at the same process used by node-cron.
[2026-09-27T11:40:01.868Z] [PID: 15828] [32m[NODE-CRON][32m [33m[WARN][0m missed execution at Sun Sep 27 2026 18:01:00 GMT+0700 (Indochina Time)! Possible blocking IO or high CPU user at the same process used by node-cron.
[2026-09-27T11:40:01.869Z] [PID: 15828] [32m[NODE-CRON][32m [33m[WARN][0m missed execution at Sun Sep 27 2026 18:02:00 GMT+0700 (Indochina Time)! Possible blocking IO or high CPU user at the same process used by node-cron.
[2026-09-27T11:40:01.870Z] [PID: 15828] [32m[NODE-CRON][32m [33m[WARN][0m missed execution at Sun Sep 27 2026 18:03:00 GMT+0700 (Indochina Time)! Possible blocking IO or high CPU user at the same process used by node-cron.
[2026-09-27T11:40:01.871Z] [PID: 15828] [32m[NODE-CRON][32m [33m[WARN][0m missed execution at Sun Sep 27 2026 18:04:00 GMT+0700 (Indochina Time)! Possible blocking IO or high CPU user at the same process used by node-cron.
[2026-09-27T11:40:01.871Z] [PID: 15828] [32m[NODE-CRON][32m [33m[WARN][0m missed execution at Sun Sep 27 2026 18:05:00 GMT+0700 (Indochina Time)! Possible blocking IO or high CPU user at the same process used by node-cron.
[2026-09-27T11:40:01.872Z] [PID: 15828] [32m[NODE-CRON][32m [33m[WARN][0m missed execution at Sun Sep 27 2026 18:06:00 GMT+0700 (Indochina Time)! Possible blocking IO or high CPU user at the same process used by node-cron.
[2026-09-27T11:40:01.872Z] [PID: 15828] [32m[NODE-CRON][32m [33m[WARN][0m missed execution at Sun Sep 27 2026 18:07:00 GMT+0700 (Indochina Time)! Possible blocking IO or high CPU user at the same process used by node-cron.
[2026-09-27T11:40:01.873Z] [PID: 15828] [32m[NODE-CRON][32m [33m[WARN][0m missed execution at Sun Sep 27 2026 18:08:00 GMT+0700 (Indochina Time)! Possible blocking IO or high CPU user at the same process used by node-cron.
[2026-09-27T11:40:01.873Z] [PID: 15828] [32m[NODE-CRON][32m [33m[WARN][0m missed execution at Sun Sep 27 2026 18:09:00 GMT+0700 (Indochina Time)! Possible blocking IO or high CPU user at the same process used by node-cron.
[2026-09-27T11:40:01.874Z] [PID: 15828] [32m[NODE-CRON][32m [33m[WARN][0m missed execution at Sun Sep 27 2026 18:10:00 GMT+0700 (Indochina Time)! Possible blocking IO or high CPU user at the same process used by node-cron.
[2026-09-27T11:40:01.875Z] [PID: 15828] [32m[NODE-CRON][32m [33m[WARN][0m missed execution at Sun Sep 27 2026 18:11:00 GMT+0700 (Indochina Time)! Possible blocking IO or high CPU user at the same process used by node-cron.
[2026-09-27T11:40:01.876Z] [PID: 15828] [32m[NODE-CRON][32m [33m[WARN][0m missed execution at Sun Sep 27 2026 18:12:00 GMT+0700 (Indochina Time)! Possible blocking IO or high CPU user at the same process used by node-cron.
[2026-09-27T11:40:01.876Z] [PID: 15828] [32m[NODE-CRON][32m [33m[WARN][0m missed execution at Sun Sep 27 2026 18:13:00 GMT+0700 (Indochina Time)! Possible blocking IO or high CPU user at the same process used by node-cron.
[2026-09-27T11:40:01.877Z] [PID: 15828] [32m[NODE-CRON][32m [33m[WARN][0m missed execution at Sun Sep 27 2026 18:14:00 GMT+0700 (Indochina Time)! Possible blocking IO or high CPU user at the same process used by node-cron.
[2026-09-27T11:40:01.878Z] [PID: 15828] [32m[NODE-CRON][32m [33m[WARN][0m missed execution at Sun Sep 27 2026 18:15:00 GMT+0700 (Indochina Time)! Possible blocking IO or high CPU user at the same process used by node-cron.
[2026-09-27T11:40:01.879Z] [PID: 15828] [32m[NODE-CRON][32m [33m[WARN][0m missed execution at Sun Sep 27 2026 18:16:00 GMT+0700 (Indochina Time)! Possible blocking IO or high CPU user at the same process used by node-cron.
[2026-09-27T11:40:01.880Z] [PID: 15828] [32m[NODE-CRON][32m [33m[WARN][0m missed execution at Sun Sep 27 2026 18:17:00 GMT+0700 (Indochina Time)! Possible blocking IO or high CPU user at the same process used by node-cron.
[2026-09-27T11:40:01.881Z] [PID: 15828] [32m[NODE-CRON][32m [33m[WARN][0m missed execution at Sun Sep 27 2026 18:18:00 GMT+0700 (Indochina Time)! Possible blocking IO or high CPU user at the same process used by node-cron.
[2026-09-27T11:40:01.883Z] [PID: 15828] [32m[NODE-CRON][32m [33m[WARN][0m missed execution at Sun Sep 27 2026 18:19:00 GMT+0700 (Indochina Time)! Possible blocking IO or high CPU user at the same process used by node-cron.
[2026-09-27T11:40:01.884Z] [PID: 15828] [32m[NODE-CRON][32m [33m[WARN][0m missed execution at Sun Sep 27 2026 18:20:00 GMT+0700 (Indochina Time)! Possible blocking IO or high CPU user at the same process used by node-cron.
[2026-09-27T11:40:01.887Z] [PID: 15828] [32m[NODE-CRON][32m [33m[WARN][0m missed execution at Sun Sep 27 2026 18:21:00 GMT+0700 (Indochina Time)! Possible blocking IO or high CPU user at the same process used by node-cron.
[2026-09-27T11:40:01.888Z] [PID: 15828] [32m[NODE-CRON][32m [33m[WARN][0m missed execution at Sun Sep 27 2026 18:22:00 GMT+0700 (Indochina Time)! Possible blocking IO or high CPU user at the same process used by node-cron.
[2026-09-27T11:40:01.889Z] [PID: 15828] [32m[NODE-CRON][32m [33m[WARN][0m missed execution at Sun Sep 27 2026 18:23:00 GMT+0700 (Indochina Time)! Possible blocking IO or high CPU user at the same process used by node-cron.
[2026-09-27T11:40:01.890Z] [PID: 15828] [32m[NODE-CRON][32m [33m[WARN][0m missed execution at Sun Sep 27 2026 18:24:00 GMT+0700 (Indochina Time)! Possible blocking IO or high CPU user at the same process used by node-cron.
[2026-09-27T11:40:01.891Z] [PID: 15828] [32m[NODE-CRON][32m [33m[WARN][0m missed execution at Sun Sep 27 2026 18:25:00 GMT+0700 (Indochina Time)! Possible blocking IO or high CPU user at the same process used by node-cron.
[2026-09-27T11:40:01.892Z] [PID: 15828] [32m[NODE-CRON][32m [33m[WARN][0m missed execution at Sun Sep 27 2026 18:26:00 GMT+0700 (Indochina Time)! Possible blocking IO or high CPU user at the same process used by node-cron.
[2026-09-27T11:40:01.893Z] [PID: 15828] [32m[NODE-CRON][32m [33m[WARN][0m missed execution at Sun Sep 27 2026 18:27:00 GMT+0700 (Indochina Time)! Possible blocking IO or high CPU user at the same process used by node-cron.
[2026-09-27T11:40:01.895Z] [PID: 15828] [32m[NODE-CRON][32m [33m[WARN][0m missed execution at Sun Sep 27 2026 18:28:00 GMT+0700 (Indochina Time)! Possible blocking IO or high CPU user at the same process used by node-cron.
[2026-09-27T11:40:01.897Z] [PID: 15828] [32m[NODE-CRON][32m [33m[WARN][0m missed execution at Sun Sep 27 2026 18:29:00 GMT+0700 (Indochina Time)! Possible blocking IO or high CPU user at the same process used by node-cron.
[2026-09-27T11:40:01.900Z] [PID: 15828] [32m[NODE-CRON][32m [33m[WARN][0m missed execution at Sun Sep 27 2026 18:30:00 GMT+0700 (Indochina Time)! Possible blocking IO or high CPU user at the same process used by node-cron.
[2026-09-27T11:40:01.901Z] [PID: 15828] [32m[NODE-CRON][32m [33m[WARN][0m missed execution at Sun Sep 27 2026 18:31:00 GMT+0700 (Indochina Time)! Possible blocking IO or high CPU user at the same process used by node-cron.
[2026-09-27T11:40:01.903Z] [PID: 15828] [32m[NODE-CRON][32m [33m[WARN][0m missed execution at Sun Sep 27 2026 18:32:00 GMT+0700 (Indochina Time)! Possible blocking IO or high CPU user at the same process used by node-cron.
[2026-09-27T11:40:01.905Z] [PID: 15828] [32m[NODE-CRON][32m [33m[WARN][0m missed execution at Sun Sep 27 2026 18:33:00 GMT+0700 (Indochina Time)! Possible blocking IO or high CPU user at the same process used by node-cron.
[2026-09-27T11:40:01.907Z] [PID: 15828] [32m[NODE-CRON][32m [33m[WARN][0m missed execution at Sun Sep 27 2026 18:34:00 GMT+0700 (Indochina Time)! Possible blocking IO or high CPU user at the same process used by node-cron.
[2026-09-27T11:40:01.908Z] [PID: 15828] [32m[NODE-CRON][32m [33m[WARN][0m missed execution at Sun Sep 27 2026 18:35:00 GMT+0700 (Indochina Time)! Possible blocking IO or high CPU user at the same process used by node-cron.
[2026-09-27T11:40:01.909Z] [PID: 15828] [32m[NODE-CRON][32m [33m[WARN][0m missed execution at Sun Sep 27 2026 18:36:00 GMT+0700 (Indochina Time)! Possible blocking IO or high CPU user at the same process used by node-cron.
[2026-09-27T11:40:01.910Z] [PID: 15828] [32m[NODE-CRON][32m [33m[WARN][0m missed execution at Sun Sep 27 2026 18:37:00 GMT+0700 (Indochina Time)! Possible blocking IO or high CPU user at the same process used by node-cron.
[2026-09-27T11:40:01.912Z] [PID: 15828] [32m[NODE-CRON][32m [33m[WARN][0m missed execution at Sun Sep 27 2026 18:38:00 GMT+0700 (Indochina Time)! Possible blocking IO or high CPU user at the same process used by node-cron.
[2026-09-27T11:40:01.913Z] [PID: 15828] [32m[NODE-CRON][32m [33m[WARN][0m missed execution at Sun Sep 27 2026 18:39:00 GMT+0700 (Indochina Time)! Possible blocking IO or high CPU user at the same process used by node-cron.
[2026-09-27T11:40:01.935Z] [PID: 15828] [32m[NODE-CRON][32m [33m[WARN][0m missed execution at Sun Sep 27 2026 15:40:00 GMT+0700 (Indochina Time)! Possible blocking IO or high CPU user at the same process used by node-cron.
[2026-09-27T11:40:01.936Z] [PID: 15828] [32m[NODE-CRON][32m [33m[WARN][0m missed execution at Sun Sep 27 2026 15:41:00 GMT+0700 (Indochina Time)! Possible blocking IO or high CPU user at the same process used by node-cron.
[2026-09-27T11:40:01.936Z] [PID: 15828] [32m[NODE-CRON][32m [33m[WARN][0m missed execution at Sun Sep 27 2026 15:42:00 GMT+0700 (Indochina Time)! Possible blocking IO or high CPU user at the same process used by node-cron.
[2026-09-27T11:40:01.938Z] [PID: 15828] [32m[NODE-CRON][32m [33m[WARN][0m missed execution at Sun Sep 27 2026 15:43:00 GMT+0700 (Indochina Time)! Possible blocking IO or high CPU user at the same process used by node-cron.
[2026-09-27T11:40:01.939Z] [PID: 15828] [32m[NODE-CRON][32m [33m[WARN][0m missed execution at Sun Sep 27 2026 15:44:00 GMT+0700 (Indochina Time)! Possible blocking IO or high CPU user at the same process used by node-cron.
[2026-09-27T11:40:01.941Z] [PID: 15828] [32m[NODE-CRON][32m [33m[WARN][0m missed execution at Sun Sep 27 2026 15:45:00 GMT+0700 (Indochina Time)! Possible blocking IO or high CPU user at the same process used by node-cron.
[2026-09-27T11:40:01.942Z] [PID: 15828] [32m[NODE-CRON][32m [33m[WARN][0m missed execution at Sun Sep 27 2026 15:46:00 GMT+0700 (Indochina Time)! Possible blocking IO or high CPU user at the same process used by node-cron.
[2026-09-27T11:40:01.944Z] [PID: 15828] [32m[NODE-CRON][32m [33m[WARN][0m missed execution at Sun Sep 27 2026 15:47:00 GMT+0700 (Indochina Time)! Possible blocking IO or high CPU user at the same process used by node-cron.
[2026-09-27T11:40:01.945Z] [PID: 15828] [32m[NODE-CRON][32m [33m[WARN][0m missed execution at Sun Sep 27 2026 15:48:00 GMT+0700 (Indochina Time)! Possible blocking IO or high CPU user at the same process used by node-cron.
[2026-09-27T11:40:01.947Z] [PID: 15828] [32m[NODE-CRON][32m [33m[WARN][0m missed execution at Sun Sep 27 2026 15:49:00 GMT+0700 (Indochina Time)! Possible blocking IO or high CPU user at the same process used by node-cron.
[2026-09-27T11:40:01.947Z] [PID: 15828] [32m[NODE-CRON][32m [33m[WARN][0m missed execution at Sun Sep 27 2026 15:50:00 GMT+0700 (Indochina Time)! Possible blocking IO or high CPU user at the same process used by node-cron.
[2026-09-27T11:40:01.947Z] [PID: 15828] [32m[NODE-CRON][32m [33m[WARN][0m missed execution at Sun Sep 27 2026 15:51:00 GMT+0700 (Indochina Time)! Possible blocking IO or high CPU user at the same process used by node-cron.
[2026-09-27T11:40:01.948Z] [PID: 15828] [32m[NODE-CRON][32m [33m[WARN][0m missed execution at Sun Sep 27 2026 15:52:00 GMT+0700 (Indochina Time)! Possible blocking IO or high CPU user at the same process used by node-cron.
[2026-09-27T11:40:01.948Z] [PID: 15828] [32m[NODE-CRON][32m [33m[WARN][0m missed execution at Sun Sep 27 2026 15:53:00 GMT+0700 (Indochina Time)! Possible blocking IO or high CPU user at the same process used by node-cron.
[2026-09-27T11:40:01.949Z] [PID: 15828] [32m[NODE-CRON][32m [33m[WARN][0m missed execution at Sun Sep 27 2026 15:54:00 GMT+0700 (Indochina Time)! Possible blocking IO or high CPU user at the same process used by node-cron.
[2026-09-27T11:40:01.950Z] [PID: 15828] [32m[NODE-CRON][32m [33m[WARN][0m missed execution at Sun Sep 27 2026 15:55:00 GMT+0700 (Indochina Time)! Possible blocking IO or high CPU user at the same process used by node-cron.
[2026-09-27T11:40:01.951Z] [PID: 15828] [32m[NODE-CRON][32m [33m[WARN][0m missed execution at Sun Sep 27 2026 15:56:00 GMT+0700 (Indochina Time)! Possible blocking IO or high CPU user at the same process used by node-cron.
[2026-09-27T11:40:01.952Z] [PID: 15828] [32m[NODE-CRON][32m [33m[WARN][0m missed execution at Sun Sep 27 2026 15:57:00 GMT+0700 (Indochina Time)! Possible blocking IO or high CPU user at the same process used by node-cron.
[2026-09-27T11:40:01.953Z] [PID: 15828] [32m[NODE-CRON][32m [33m[WARN][0m missed execution at Sun Sep 27 2026 15:58:00 GMT+0700 (Indochina Time)! Possible blocking IO or high CPU user at the same process used by node-cron.
[2026-09-27T11:40:01.955Z] [PID: 15828] [32m[NODE-CRON][32m [33m[WARN][0m missed execution at Sun Sep 27 2026 15:59:00 GMT+0700 (Indochina Time)! Possible blocking IO or high CPU user at the same process used by node-cron.
[2026-09-27T11:40:01.956Z] [PID: 15828] [32m[NODE-CRON][32m [33m[WARN][0m missed execution at Sun Sep 27 2026 16:00:00 GMT+0700 (Indochina Time)! Possible blocking IO or high CPU user at the same process used by node-cron.
[2026-09-27T11:40:01.957Z] [PID: 15828] [32m[NODE-CRON][32m [33m[WARN][0m missed execution at Sun Sep 27 2026 16:01:00 GMT+0700 (Indochina Time)! Possible blocking IO or high CPU user at the same process used by node-cron.
[2026-09-27T11:40:01.957Z] [PID: 15828] [32m[NODE-CRON][32m [33m[WARN][0m missed execution at Sun Sep 27 2026 16:02:00 GMT+0700 (Indochina Time)! Possible blocking IO or high CPU user at the same process used by node-cron.
[2026-09-27T11:40:01.958Z] [PID: 15828] [32m[NODE-CRON][32m [33m[WARN][0m missed execution at Sun Sep 27 2026 16:03:00 GMT+0700 (Indochina Time)! Possible blocking IO or high CPU user at the same process used by node-cron.
[2026-09-27T11:40:01.959Z] [PID: 15828] [32m[NODE-CRON][32m [33m[WARN][0m missed execution at Sun Sep 27 2026 16:04:00 GMT+0700 (Indochina Time)! Possible blocking IO or high CPU user at the same process used by node-cron.
[2026-09-27T11:40:01.960Z] [PID: 15828] [32m[NODE-CRON][32m [33m[WARN][0m missed execution at Sun Sep 27 2026 16:05:00 GMT+0700 (Indochina Time)! Possible blocking IO or high CPU user at the same process used by node-cron.
[2026-09-27T11:40:01.961Z] [PID: 15828] [32m[NODE-CRON][32m [33m[WARN][0m missed execution at Sun Sep 27 2026 16:06:00 GMT+0700 (Indochina Time)! Possible blocking IO or high CPU user at the same process used by node-cron.
[2026-09-27T11:40:01.962Z] [PID: 15828] [32m[NODE-CRON][32m [33m[WARN][0m missed execution at Sun Sep 27 2026 16:07:00 GMT+0700 (Indochina Time)! Possible blocking IO or high CPU user at the same process used by node-cron.
[2026-09-27T11:40:01.965Z] [PID: 15828] [32m[NODE-CRON][32m [33m[WARN][0m missed execution at Sun Sep 27 2026 16:08:00 GMT+0700 (Indochina Time)! Possible blocking IO or high CPU user at the same process used by node-cron.
[2026-09-27T11:40:01.965Z] [PID: 15828] [32m[NODE-CRON][32m [33m[WARN][0m missed execution at Sun Sep 27 2026 16:09:00 GMT+0700 (Indochina Time)! Possible blocking IO or high CPU user at the same process used by node-cron.
[2026-09-27T11:40:01.966Z] [PID: 15828] [32m[NODE-CRON][32m [33m[WARN][0m missed execution at Sun Sep 27 2026 16:10:00 GMT+0700 (Indochina Time)! Possible blocking IO or high CPU user at the same process used by node-cron.
[2026-09-27T11:40:01.966Z] [PID: 15828] [32m[NODE-CRON][32m [33m[WARN][0m missed execution at Sun Sep 27 2026 16:11:00 GMT+0700 (Indochina Time)! Possible blocking IO or high CPU user at the same process used by node-cron.
[2026-09-27T11:40:01.966Z] [PID: 15828] [32m[NODE-CRON][32m [33m[WARN][0m missed execution at Sun Sep 27 2026 16:12:00 GMT+0700 (Indochina Time)! Possible blocking IO or high CPU user at the same process used by node-cron.
[2026-09-27T11:40:01.967Z] [PID: 15828] [32m[NODE-CRON][32m [33m[WARN][0m missed execution at Sun Sep 27 2026 16:13:00 GMT+0700 (Indochina Time)! Possible blocking IO or high CPU user at the same process used by node-cron.
[2026-09-27T11:40:01.967Z] [PID: 15828] [32m[NODE-CRON][32m [33m[WARN][0m missed execution at Sun Sep 27 2026 16:14:00 GMT+0700 (Indochina Time)! Possible blocking IO or high CPU user at the same process used by node-cron.
[2026-09-27T11:40:01.967Z] [PID: 15828] [32m[NODE-CRON][32m [33m[WARN][0m missed execution at Sun Sep 27 2026 16:15:00 GMT+0700 (Indochina Time)! Possible blocking IO or high CPU user at the same process used by node-cron.
[2026-09-27T11:40:01.968Z] [PID: 15828] [32m[NODE-CRON][32m [33m[WARN][0m missed execution at Sun Sep 27 2026 16:16:00 GMT+0700 (Indochina Time)! Possible blocking IO or high CPU user at the same process used by node-cron.
[2026-09-27T11:40:01.968Z] [PID: 15828] [32m[NODE-CRON][32m [33m[WARN][0m missed execution at Sun Sep 27 2026 16:17:00 GMT+0700 (Indochina Time)! Possible blocking IO or high CPU user at the same process used by node-cron.
[2026-09-27T11:40:01.968Z] [PID: 15828] [32m[NODE-CRON][32m [33m[WARN][0m missed execution at Sun Sep 27 2026 16:18:00 GMT+0700 (Indochina Time)! Possible blocking IO or high CPU user at the same process used by node-cron.
[2026-09-27T11:40:01.969Z] [PID: 15828] [32m[NODE-CRON][32m [33m[WARN][0m missed execution at Sun Sep 27 2026 16:19:00 GMT+0700 (Indochina Time)! Possible blocking IO or high CPU user at the same process used by node-cron.
[2026-09-27T11:40:01.969Z] [PID: 15828] [32m[NODE-CRON][32m [33m[WARN][0m missed execution at Sun Sep 27 2026 16:20:00 GMT+0700 (Indochina Time)! Possible blocking IO or high CPU user at the same process used by node-cron.
[2026-09-27T11:40:01.969Z] [PID: 15828] [32m[NODE-CRON][32m [33m[WARN][0m missed execution at Sun Sep 27 2026 16:21:00 GMT+0700 (Indochina Time)! Possible blocking IO or high CPU user at the same process used by node-cron.
[2026-09-27T11:40:01.971Z] [PID: 15828] [32m[NODE-CRON][32m [33m[WARN][0m missed execution at Sun Sep 27 2026 16:22:00 GMT+0700 (Indochina Time)! Possible blocking IO or high CPU user at the same process used by node-cron.
[2026-09-27T11:40:01.971Z] [PID: 15828] [32m[NODE-CRON][32m [33m[WARN][0m missed execution at Sun Sep 27 2026 16:23:00 GMT+0700 (Indochina Time)! Possible blocking IO or high CPU user at the same process used by node-cron.
[2026-09-27T11:40:01.973Z] [PID: 15828] [32m[NODE-CRON][32m [33m[WARN][0m missed execution at Sun Sep 27 2026 16:24:00 GMT+0700 (Indochina Time)! Possible blocking IO or high CPU user at the same process used by node-cron.
[2026-09-27T11:40:01.974Z] [PID: 15828] [32m[NODE-CRON][32m [33m[WARN][0m missed execution at Sun Sep 27 2026 16:25:00 GMT+0700 (Indochina Time)! Possible blocking IO or high CPU user at the same process used by node-cron.
[2026-09-27T11:40:01.975Z] [PID: 15828] [32m[NODE-CRON][32m [33m[WARN][0m missed execution at Sun Sep 27 2026 16:26:00 GMT+0700 (Indochina Time)! Possible blocking IO or high CPU user at the same process used by node-cron.
[2026-09-27T11:40:01.977Z] [PID: 15828] [32m[NODE-CRON][32m [33m[WARN][0m missed execution at Sun Sep 27 2026 16:27:00 GMT+0700 (Indochina Time)! Possible blocking IO or high CPU user at the same process used by node-cron.
[2026-09-27T11:40:01.978Z] [PID: 15828] [32m[NODE-CRON][32m [33m[WARN][0m missed execution at Sun Sep 27 2026 16:28:00 GMT+0700 (Indochina Time)! Possible blocking IO or high CPU user at the same process used by node-cron.
[2026-09-27T11:40:01.978Z] [PID: 15828] [32m[NODE-CRON][32m [33m[WARN][0m missed execution at Sun Sep 27 2026 16:29:00 GMT+0700 (Indochina Time)! Possible blocking IO or high CPU user at the same process used by node-cron.
[2026-09-27T11:40:01.978Z] [PID: 15828] [32m[NODE-CRON][32m [33m[WARN][0m missed execution at Sun Sep 27 2026 16:30:00 GMT+0700 (Indochina Time)! Possible blocking IO or high CPU user at the same process used by node-cron.
[2026-09-27T11:40:01.979Z] [PID: 15828] [32m[NODE-CRON][32m [33m[WARN][0m missed execution at Sun Sep 27 2026 16:31:00 GMT+0700 (Indochina Time)! Possible blocking IO or high CPU user at the same process used by node-cron.
[2026-09-27T11:40:01.979Z] [PID: 15828] [32m[NODE-CRON][32m [33m[WARN][0m missed execution at Sun Sep 27 2026 16:32:00 GMT+0700 (Indochina Time)! Possible blocking IO or high CPU user at the same process used by node-cron.
[2026-09-27T11:40:01.979Z] [PID: 15828] [32m[NODE-CRON][32m [33m[WARN][0m missed execution at Sun Sep 27 2026 16:33:00 GMT+0700 (Indochina Time)! Possible blocking IO or high CPU user at the same process used by node-cron.
[2026-09-27T11:40:01.980Z] [PID: 15828] [32m[NODE-CRON][32m [33m[WARN][0m missed execution at Sun Sep 27 2026 16:34:00 GMT+0700 (Indochina Time)! Possible blocking IO or high CPU user at the same process used by node-cron.
[2026-09-27T11:40:01.980Z] [PID: 15828] [32m[NODE-CRON][32m [33m[WARN][0m missed execution at Sun Sep 27 2026 16:35:00 GMT+0700 (Indochina Time)! Possible blocking IO or high CPU user at the same process used by node-cron.
[2026-09-27T11:40:01.980Z] [PID: 15828] [32m[NODE-CRON][32m [33m[WARN][0m missed execution at Sun Sep 27 2026 16:36:00 GMT+0700 (Indochina Time)! Possible blocking IO or high CPU user at the same process used by node-cron.
[2026-09-27T11:40:01.981Z] [PID: 15828] [32m[NODE-CRON][32m [33m[WARN][0m missed execution at Sun Sep 27 2026 16:37:00 GMT+0700 (Indochina Time)! Possible blocking IO or high CPU user at the same process used by node-cron.
[2026-09-27T11:40:01.982Z] [PID: 15828] [32m[NODE-CRON][32m [33m[WARN][0m missed execution at Sun Sep 27 2026 16:38:00 GMT+0700 (Indochina Time)! Possible blocking IO or high CPU user at the same process used by node-cron.
[2026-09-27T11:40:01.983Z] [PID: 15828] [32m[NODE-CRON][32m [33m[WARN][0m missed execution at Sun Sep 27 2026 16:39:00 GMT+0700 (Indochina Time)! Possible blocking IO or high CPU user at the same process used by node-cron.
[2026-09-27T11:40:01.984Z] [PID: 15828] [32m[NODE-CRON][32m [33m[WARN][0m missed execution at Sun Sep 27 2026 16:40:00 GMT+0700 (Indochina Time)! Possible blocking IO or high CPU user at the same process used by node-cron.
[2026-09-27T11:40:01.986Z] [PID: 15828] [32m[NODE-CRON][32m [33m[WARN][0m missed execution at Sun Sep 27 2026 16:41:00 GMT+0700 (Indochina Time)! Possible blocking IO or high CPU user at the same process used by node-cron.
[2026-09-27T11:40:01.986Z] [PID: 15828] [32m[NODE-CRON][32m [33m[WARN][0m missed execution at Sun Sep 27 2026 16:42:00 GMT+0700 (Indochina Time)! Possible blocking IO or high CPU user at the same process used by node-cron.
[2026-09-27T11:40:01.987Z] [PID: 15828] [32m[NODE-CRON][32m [33m[WARN][0m missed execution at Sun Sep 27 2026 16:43:00 GMT+0700 (Indochina Time)! Possible blocking IO or high CPU user at the same process used by node-cron.
[2026-09-27T11:40:01.987Z] [PID: 15828] [32m[NODE-CRON][32m [33m[WARN][0m missed execution at Sun Sep 27 2026 16:44:00 GMT+0700 (Indochina Time)! Possible blocking IO or high CPU user at the same process used by node-cron.
[2026-09-27T11:40:01.987Z] [PID: 15828] [32m[NODE-CRON][32m [33m[WARN][0m missed execution at Sun Sep 27 2026 16:45:00 GMT+0700 (Indochina Time)! Possible blocking IO or high CPU user at the same process used by node-cron.
[2026-09-27T11:40:01.988Z] [PID: 15828] [32m[NODE-CRON][32m [33m[WARN][0m missed execution at Sun Sep 27 2026 16:46:00 GMT+0700 (Indochina Time)! Possible blocking IO or high CPU user at the same process used by node-cron.
[2026-09-27T11:40:01.988Z] [PID: 15828] [32m[NODE-CRON][32m [33m[WARN][0m missed execution at Sun Sep 27 2026 16:47:00 GMT+0700 (Indochina Time)! Possible blocking IO or high CPU user at the same process used by node-cron.
[2026-09-27T11:40:01.988Z] [PID: 15828] [32m[NODE-CRON][32m [33m[WARN][0m missed execution at Sun Sep 27 2026 16:48:00 GMT+0700 (Indochina Time)! Possible blocking IO or high CPU user at the same process used by node-cron.
[2026-09-27T11:40:01.989Z] [PID: 15828] [32m[NODE-CRON][32m [33m[WARN][0m missed execution at Sun Sep 27 2026 16:49:00 GMT+0700 (Indochina Time)! Possible blocking IO or high CPU user at the same process used by node-cron.
[2026-09-27T11:40:01.989Z] [PID: 15828] [32m[NODE-CRON][32m [33m[WARN][0m missed execution at Sun Sep 27 2026 16:50:00 GMT+0700 (Indochina Time)! Possible blocking IO or high CPU user at the same process used by node-cron.
[2026-09-27T11:40:01.989Z] [PID: 15828] [32m[NODE-CRON][32m [33m[WARN][0m missed execution at Sun Sep 27 2026 16:51:00 GMT+0700 (Indochina Time)! Possible blocking IO or high CPU user at the same process used by node-cron.
[2026-09-27T11:40:01.990Z] [PID: 15828] [32m[NODE-CRON][32m [33m[WARN][0m missed execution at Sun Sep 27 2026 16:52:00 GMT+0700 (Indochina Time)! Possible blocking IO or high CPU user at the same process used by node-cron.
[2026-09-27T11:40:01.990Z] [PID: 15828] [32m[NODE-CRON][32m [33m[WARN][0m missed execution at Sun Sep 27 2026 16:53:00 GMT+0700 (Indochina Time)! Possible blocking IO or high CPU user at the same process used by node-cron.
[2026-09-27T11:40:01.990Z] [PID: 15828] [32m[NODE-CRON][32m [33m[WARN][0m missed execution at Sun Sep 27 2026 16:54:00 GMT+0700 (Indochina Time)! Possible blocking IO or high CPU user at the same process used by node-cron.
[2026-09-27T11:40:01.991Z] [PID: 15828] [32m[NODE-CRON][32m [33m[WARN][0m missed execution at Sun Sep 27 2026 16:55:00 GMT+0700 (Indochina Time)! Possible blocking IO or high CPU user at the same process used by node-cron.
[2026-09-27T11:40:01.991Z] [PID: 15828] [32m[NODE-CRON][32m [33m[WARN][0m missed execution at Sun Sep 27 2026 16:56:00 GMT+0700 (Indochina Time)! Possible blocking IO or high CPU user at the same process used by node-cron.
[2026-09-27T11:40:01.991Z] [PID: 15828] [32m[NODE-CRON][32m [33m[WARN][0m missed execution at Sun Sep 27 2026 16:57:00 GMT+0700 (Indochina Time)! Possible blocking IO or high CPU user at the same process used by node-cron.
[2026-09-27T11:40:01.991Z] [PID: 15828] [32m[NODE-CRON][32m [33m[WARN][0m missed execution at Sun Sep 27 2026 16:58:00 GMT+0700 (Indochina Time)! Possible blocking IO or high CPU user at the same process used by node-cron.
[2026-09-27T11:40:01.992Z] [PID: 15828] [32m[NODE-CRON][32m [33m[WARN][0m missed execution at Sun Sep 27 2026 16:59:00 GMT+0700 (Indochina Time)! Possible blocking IO or high CPU user at the same process used by node-cron.
[2026-09-27T11:40:01.992Z] [PID: 15828] [32m[NODE-CRON][32m [33m[WARN][0m missed execution at Sun Sep 27 2026 17:00:00 GMT+0700 (Indochina Time)! Possible blocking IO or high CPU user at the same process used by node-cron.
[2026-09-27T11:40:01.992Z] [PID: 15828] [32m[NODE-CRON][32m [33m[WARN][0m missed execution at Sun Sep 27 2026 17:01:00 GMT+0700 (Indochina Time)! Possible blocking IO or high CPU user at the same process used by node-cron.
[2026-09-27T11:40:01.993Z] [PID: 15828] [32m[NODE-CRON][32m [33m[WARN][0m missed execution at Sun Sep 27 2026 17:02:00 GMT+0700 (Indochina Time)! Possible blocking IO or high CPU user at the same process used by node-cron.
[2026-09-27T11:40:01.993Z] [PID: 15828] [32m[NODE-CRON][32m [33m[WARN][0m missed execution at Sun Sep 27 2026 17:03:00 GMT+0700 (Indochina Time)! Possible blocking IO or high CPU user at the same process used by node-cron.
[2026-09-27T11:40:01.993Z] [PID: 15828] [32m[NODE-CRON][32m [33m[WARN][0m missed execution at Sun Sep 27 2026 17:04:00 GMT+0700 (Indochina Time)! Possible blocking IO or high CPU user at the same process used by node-cron.
[2026-09-27T11:40:01.994Z] [PID: 15828] [32m[NODE-CRON][32m [33m[WARN][0m missed execution at Sun Sep 27 2026 17:05:00 GMT+0700 (Indochina Time)! Possible blocking IO or high CPU user at the same process used by node-cron.
[2026-09-27T11:40:01.994Z] [PID: 15828] [32m[NODE-CRON][32m [33m[WARN][0m missed execution at Sun Sep 27 2026 17:06:00 GMT+0700 (Indochina Time)! Possible blocking IO or high CPU user at the same process used by node-cron.
[2026-09-27T11:40:01.994Z] [PID: 15828] [32m[NODE-CRON][32m [33m[WARN][0m missed execution at Sun Sep 27 2026 17:07:00 GMT+0700 (Indochina Time)! Possible blocking IO or high CPU user at the same process used by node-cron.
[2026-09-27T11:40:01.994Z] [PID: 15828] [32m[NODE-CRON][32m [33m[WARN][0m missed execution at Sun Sep 27 2026 17:08:00 GMT+0700 (Indochina Time)! Possible blocking IO or high CPU user at the same process used by node-cron.
[2026-09-27T11:40:01.995Z] [PID: 15828] [32m[NODE-CRON][32m [33m[WARN][0m missed execution at Sun Sep 27 2026 17:09:00 GMT+0700 (Indochina Time)! Possible blocking IO or high CPU user at the same process used by node-cron.
[2026-09-27T11:40:01.995Z] [PID: 15828] [32m[NODE-CRON][32m [33m[WARN][0m missed execution at Sun Sep 27 2026 17:10:00 GMT+0700 (Indochina Time)! Possible blocking IO or high CPU user at the same process used by node-cron.
[2026-09-27T11:40:01.995Z] [PID: 15828] [32m[NODE-CRON][32m [33m[WARN][0m missed execution at Sun Sep 27 2026 17:11:00 GMT+0700 (Indochina Time)! Possible blocking IO or high CPU user at the same process used by node-cron.
[2026-09-27T11:40:01.996Z] [PID: 15828] [32m[NODE-CRON][32m [33m[WARN][0m missed execution at Sun Sep 27 2026 17:12:00 GMT+0700 (Indochina Time)! Possible blocking IO or high CPU user at the same process used by node-cron.
[2026-09-27T11:40:01.997Z] [PID: 15828] [32m[NODE-CRON][32m [33m[WARN][0m missed execution at Sun Sep 27 2026 17:13:00 GMT+0700 (Indochina Time)! Possible blocking IO or high CPU user at the same process used by node-cron.
[2026-09-27T11:40:01.998Z] [PID: 15828] [32m[NODE-CRON][32m [33m[WARN][0m missed execution at Sun Sep 27 2026 17:14:00 GMT+0700 (Indochina Time)! Possible blocking IO or high CPU user at the same process used by node-cron.
[2026-09-27T11:40:01.998Z] [PID: 15828] [32m[NODE-CRON][32m [33m[WARN][0m missed execution at Sun Sep 27 2026 17:15:00 GMT+0700 (Indochina Time)! Possible blocking IO or high CPU user at the same process used by node-cron.
[2026-09-27T11:40:01.998Z] [PID: 15828] [32m[NODE-CRON][32m [33m[WARN][0m missed execution at Sun Sep 27 2026 17:16:00 GMT+0700 (Indochina Time)! Possible blocking IO or high CPU user at the same process used by node-cron.
[2026-09-27T11:40:01.999Z] [PID: 15828] [32m[NODE-CRON][32m [33m[WARN][0m missed execution at Sun Sep 27 2026 17:17:00 GMT+0700 (Indochina Time)! Possible blocking IO or high CPU user at the same process used by node-cron.
[2026-09-27T11:40:01.999Z] [PID: 15828] [32m[NODE-CRON][32m [33m[WARN][0m missed execution at Sun Sep 27 2026 17:18:00 GMT+0700 (Indochina Time)! Possible blocking IO or high CPU user at the same process used by node-cron.
[2026-09-27T11:40:01.999Z] [PID: 15828] [32m[NODE-CRON][32m [33m[WARN][0m missed execution at Sun Sep 27 2026 17:19:00 GMT+0700 (Indochina Time)! Possible blocking IO or high CPU user at the same process used by node-cron.
[2026-09-27T11:40:02.000Z] [PID: 15828] [32m[NODE-CRON][32m [33m[WARN][0m missed execution at Sun Sep 27 2026 17:20:00 GMT+0700 (Indochina Time)! Possible blocking IO or high CPU user at the same process used by node-cron.
[2026-09-27T11:40:02.000Z] [PID: 15828] [32m[NODE-CRON][32m [33m[WARN][0m missed execution at Sun Sep 27 2026 17:21:00 GMT+0700 (Indochina Time)! Possible blocking IO or high CPU user at the same process used by node-cron.
[2026-09-27T11:40:02.000Z] [PID: 15828] [32m[NODE-CRON][32m [33m[WARN][0m missed execution at Sun Sep 27 2026 17:22:00 GMT+0700 (Indochina Time)! Possible blocking IO or high CPU user at the same process used by node-cron.
[2026-09-27T11:40:02.000Z] [PID: 15828] [32m[NODE-CRON][32m [33m[WARN][0m missed execution at Sun Sep 27 2026 17:23:00 GMT+0700 (Indochina Time)! Possible blocking IO or high CPU user at the same process used by node-cron.
[2026-09-27T11:40:02.001Z] [PID: 15828] [32m[NODE-CRON][32m [33m[WARN][0m missed execution at Sun Sep 27 2026 17:24:00 GMT+0700 (Indochina Time)! Possible blocking IO or high CPU user at the same process used by node-cron.
[2026-09-27T11:40:02.001Z] [PID: 15828] [32m[NODE-CRON][32m [33m[WARN][0m missed execution at Sun Sep 27 2026 17:25:00 GMT+0700 (Indochina Time)! Possible blocking IO or high CPU user at the same process used by node-cron.
[2026-09-27T11:40:02.001Z] [PID: 15828] [32m[NODE-CRON][32m [33m[WARN][0m missed execution at Sun Sep 27 2026 17:26:00 GMT+0700 (Indochina Time)! Possible blocking IO or high CPU user at the same process used by node-cron.
[2026-09-27T11:40:02.001Z] [PID: 15828] [32m[NODE-CRON][32m [33m[WARN][0m missed execution at Sun Sep 27 2026 17:27:00 GMT+0700 (Indochina Time)! Possible blocking IO or high CPU user at the same process used by node-cron.
[2026-09-27T11:40:02.002Z] [PID: 15828] [32m[NODE-CRON][32m [33m[WARN][0m missed execution at Sun Sep 27 2026 17:28:00 GMT+0700 (Indochina Time)! Possible blocking IO or high CPU user at the same process used by node-cron.
[2026-09-27T11:40:02.002Z] [PID: 15828] [32m[NODE-CRON][32m [33m[WARN][0m missed execution at Sun Sep 27 2026 17:29:00 GMT+0700 (Indochina Time)! Possible blocking IO or high CPU user at the same process used by node-cron.
[2026-09-27T11:40:02.003Z] [PID: 15828] [32m[NODE-CRON][32m [33m[WARN][0m missed execution at Sun Sep 27 2026 17:30:00 GMT+0700 (Indochina Time)! Possible blocking IO or high CPU user at the same process used by node-cron.
[2026-09-27T11:40:02.003Z] [PID: 15828] [32m[NODE-CRON][32m [33m[WARN][0m missed execution at Sun Sep 27 2026 17:31:00 GMT+0700 (Indochina Time)! Possible blocking IO or high CPU user at the same process used by node-cron.
[2026-09-27T11:40:02.003Z] [PID: 15828] [32m[NODE-CRON][32m [33m[WARN][0m missed execution at Sun Sep 27 2026 17:32:00 GMT+0700 (Indochina Time)! Possible blocking IO or high CPU user at the same process used by node-cron.
[2026-09-27T11:40:02.003Z] [PID: 15828] [32m[NODE-CRON][32m [33m[WARN][0m missed execution at Sun Sep 27 2026 17:33:00 GMT+0700 (Indochina Time)! Possible blocking IO or high CPU user at the same process used by node-cron.
[2026-09-27T11:40:02.004Z] [PID: 15828] [32m[NODE-CRON][32m [33m[WARN][0m missed execution at Sun Sep 27 2026 17:34:00 GMT+0700 (Indochina Time)! Possible blocking IO or high CPU user at the same process used by node-cron.
[2026-09-27T11:40:02.004Z] [PID: 15828] [32m[NODE-CRON][32m [33m[WARN][0m missed execution at Sun Sep 27 2026 17:35:00 GMT+0700 (Indochina Time)! Possible blocking IO or high CPU user at the same process used by node-cron.
[2026-09-27T11:40:02.004Z] [PID: 15828] [32m[NODE-CRON][32m [33m[WARN][0m missed execution at Sun Sep 27 2026 17:36:00 GMT+0700 (Indochina Time)! Possible blocking IO or high CPU user at the same process used by node-cron.
[2026-09-27T11:40:02.005Z] [PID: 15828] [32m[NODE-CRON][32m [33m[WARN][0m missed execution at Sun Sep 27 2026 17:37:00 GMT+0700 (Indochina Time)! Possible blocking IO or high CPU user at the same process used by node-cron.
[2026-09-27T11:40:02.005Z] [PID: 15828] [32m[NODE-CRON][32m [33m[WARN][0m missed execution at Sun Sep 27 2026 17:38:00 GMT+0700 (Indochina Time)! Possible blocking IO or high CPU user at the same process used by node-cron.
[2026-09-27T11:40:02.005Z] [PID: 15828] [32m[NODE-CRON][32m [33m[WARN][0m missed execution at Sun Sep 27 2026 17:39:00 GMT+0700 (Indochina Time)! Possible blocking IO or high CPU user at the same process used by node-cron.
[2026-09-27T11:40:02.006Z] [PID: 15828] [32m[NODE-CRON][32m [33m[WARN][0m missed execution at Sun Sep 27 2026 17:40:00 GMT+0700 (Indochina Time)! Possible blocking IO or high CPU user at the same process used by node-cron.
[2026-09-27T11:40:02.006Z] [PID: 15828] [32m[NODE-CRON][32m [33m[WARN][0m missed execution at Sun Sep 27 2026 17:41:00 GMT+0700 (Indochina Time)! Possible blocking IO or high CPU user at the same process used by node-cron.
[2026-09-27T11:40:02.006Z] [PID: 15828] [32m[NODE-CRON][32m [33m[WARN][0m missed execution at Sun Sep 27 2026 17:42:00 GMT+0700 (Indochina Time)! Possible blocking IO or high CPU user at the same process used by node-cron.
[2026-09-27T11:40:02.006Z] [PID: 15828] [32m[NODE-CRON][32m [33m[WARN][0m missed execution at Sun Sep 27 2026 17:43:00 GMT+0700 (Indochina Time)! Possible blocking IO or high CPU user at the same process used by node-cron.
[2026-09-27T11:40:02.007Z] [PID: 15828] [32m[NODE-CRON][32m [33m[WARN][0m missed execution at Sun Sep 27 2026 17:44:00 GMT+0700 (Indochina Time)! Possible blocking IO or high CPU user at the same process used by node-cron.
[2026-09-27T11:40:02.007Z] [PID: 15828] [32m[NODE-CRON][32m [33m[WARN][0m missed execution at Sun Sep 27 2026 17:45:00 GMT+0700 (Indochina Time)! Possible blocking IO or high CPU user at the same process used by node-cron.
[2026-09-27T11:40:02.007Z] [PID: 15828] [32m[NODE-CRON][32m [33m[WARN][0m missed execution at Sun Sep 27 2026 17:46:00 GMT+0700 (Indochina Time)! Possible blocking IO or high CPU user at the same process used by node-cron.
[2026-09-27T11:40:02.008Z] [PID: 15828] [32m[NODE-CRON][32m [33m[WARN][0m missed execution at Sun Sep 27 2026 17:47:00 GMT+0700 (Indochina Time)! Possible blocking IO or high CPU user at the same process used by node-cron.
[2026-09-27T11:40:02.008Z] [PID: 15828] [32m[NODE-CRON][32m [33m[WARN][0m missed execution at Sun Sep 27 2026 17:48:00 GMT+0700 (Indochina Time)! Possible blocking IO or high CPU user at the same process used by node-cron.
[2026-09-27T11:40:02.008Z] [PID: 15828] [32m[NODE-CRON][32m [33m[WARN][0m missed execution at Sun Sep 27 2026 17:49:00 GMT+0700 (Indochina Time)! Possible blocking IO or high CPU user at the same process used by node-cron.
[2026-09-27T11:40:02.009Z] [PID: 15828] [32m[NODE-CRON][32m [33m[WARN][0m missed execution at Sun Sep 27 2026 17:50:00 GMT+0700 (Indochina Time)! Possible blocking IO or high CPU user at the same process used by node-cron.
[2026-09-27T11:40:02.009Z] [PID: 15828] [32m[NODE-CRON][32m [33m[WARN][0m missed execution at Sun Sep 27 2026 17:51:00 GMT+0700 (Indochina Time)! Possible blocking IO or high CPU user at the same process used by node-cron.
[2026-09-27T11:40:02.010Z] [PID: 15828] [32m[NODE-CRON][32m [33m[WARN][0m missed execution at Sun Sep 27 2026 17:52:00 GMT+0700 (Indochina Time)! Possible blocking IO or high CPU user at the same process used by node-cron.
[2026-09-27T11:40:02.010Z] [PID: 15828] [32m[NODE-CRON][32m [33m[WARN][0m missed execution at Sun Sep 27 2026 17:53:00 GMT+0700 (Indochina Time)! Possible blocking IO or high CPU user at the same process used by node-cron.
[2026-09-27T11:40:02.011Z] [PID: 15828] [32m[NODE-CRON][32m [33m[WARN][0m missed execution at Sun Sep 27 2026 17:54:00 GMT+0700 (Indochina Time)! Possible blocking IO or high CPU user at the same process used by node-cron.
[2026-09-27T11:40:02.011Z] [PID: 15828] [32m[NODE-CRON][32m [33m[WARN][0m missed execution at Sun Sep 27 2026 17:55:00 GMT+0700 (Indochina Time)! Possible blocking IO or high CPU user at the same process used by node-cron.
[2026-09-27T11:40:02.011Z] [PID: 15828] [32m[NODE-CRON][32m [33m[WARN][0m missed execution at Sun Sep 27 2026 17:56:00 GMT+0700 (Indochina Time)! Possible blocking IO or high CPU user at the same process used by node-cron.
[2026-09-27T11:40:02.011Z] [PID: 15828] [32m[NODE-CRON][32m [33m[WARN][0m missed execution at Sun Sep 27 2026 17:57:00 GMT+0700 (Indochina Time)! Possible blocking IO or high CPU user at the same process used by node-cron.
[2026-09-27T11:40:02.012Z] [PID: 15828] [32m[NODE-CRON][32m [33m[WARN][0m missed execution at Sun Sep 27 2026 17:58:00 GMT+0700 (Indochina Time)! Possible blocking IO or high CPU user at the same process used by node-cron.
[2026-09-27T11:40:02.012Z] [PID: 15828] [32m[NODE-CRON][32m [33m[WARN][0m missed execution at Sun Sep 27 2026 17:59:00 GMT+0700 (Indochina Time)! Possible blocking IO or high CPU user at the same process used by node-cron.
[2026-09-27T11:40:02.012Z] [PID: 15828] [32m[NODE-CRON][32m [33m[WARN][0m missed execution at Sun Sep 27 2026 18:00:00 GMT+0700 (Indochina Time)! Possible blocking IO or high CPU user at the same process used by node-cron.
[2026-09-27T11:40:02.013Z] [PID: 15828] [32m[NODE-CRON][32m [33m[WARN][0m missed execution at Sun Sep 27 2026 18:01:00 GMT+0700 (Indochina Time)! Possible blocking IO or high CPU user at the same process used by node-cron.
[2026-09-27T11:40:02.013Z] [PID: 15828] [32m[NODE-CRON][32m [33m[WARN][0m missed execution at Sun Sep 27 2026 18:02:00 GMT+0700 (Indochina Time)! Possible blocking IO or high CPU user at the same process used by node-cron.
[2026-09-27T11:40:02.013Z] [PID: 15828] [32m[NODE-CRON][32m [33m[WARN][0m missed execution at Sun Sep 27 2026 18:03:00 GMT+0700 (Indochina Time)! Possible blocking IO or high CPU user at the same process used by node-cron.
[2026-09-27T11:40:02.013Z] [PID: 15828] [32m[NODE-CRON][32m [33m[WARN][0m missed execution at Sun Sep 27 2026 18:04:00 GMT+0700 (Indochina Time)! Possible blocking IO or high CPU user at the same process used by node-cron.
[2026-09-27T11:40:02.014Z] [PID: 15828] [32m[NODE-CRON][32m [33m[WARN][0m missed execution at Sun Sep 27 2026 18:05:00 GMT+0700 (Indochina Time)! Possible blocking IO or high CPU user at the same process used by node-cron.
[2026-09-27T11:40:02.014Z] [PID: 15828] [32m[NODE-CRON][32m [33m[WARN][0m missed execution at Sun Sep 27 2026 18:06:00 GMT+0700 (Indochina Time)! Possible blocking IO or high CPU user at the same process used by node-cron.
[2026-09-27T11:40:02.014Z] [PID: 15828] [32m[NODE-CRON][32m [33m[WARN][0m missed execution at Sun Sep 27 2026 18:07:00 GMT+0700 (Indochina Time)! Possible blocking IO or high CPU user at the same process used by node-cron.
[2026-09-27T11:40:02.015Z] [PID: 15828] [32m[NODE-CRON][32m [33m[WARN][0m missed execution at Sun Sep 27 2026 18:08:00 GMT+0700 (Indochina Time)! Possible blocking IO or high CPU user at the same process used by node-cron.
[2026-09-27T11:40:02.015Z] [PID: 15828] [32m[NODE-CRON][32m [33m[WARN][0m missed execution at Sun Sep 27 2026 18:09:00 GMT+0700 (Indochina Time)! Possible blocking IO or high CPU user at the same process used by node-cron.
[2026-09-27T11:40:02.015Z] [PID: 15828] [32m[NODE-CRON][32m [33m[WARN][0m missed execution at Sun Sep 27 2026 18:10:00 GMT+0700 (Indochina Time)! Possible blocking IO or high CPU user at the same process used by node-cron.
[2026-09-27T11:40:02.016Z] [PID: 15828] [32m[NODE-CRON][32m [33m[WARN][0m missed execution at Sun Sep 27 2026 18:11:00 GMT+0700 (Indochina Time)! Possible blocking IO or high CPU user at the same process used by node-cron.
[2026-09-27T11:40:02.016Z] [PID: 15828] [32m[NODE-CRON][32m [33m[WARN][0m missed execution at Sun Sep 27 2026 18:12:00 GMT+0700 (Indochina Time)! Possible blocking IO or high CPU user at the same process used by node-cron.
[2026-09-27T11:40:02.016Z] [PID: 15828] [32m[NODE-CRON][32m [33m[WARN][0m missed execution at Sun Sep 27 2026 18:13:00 GMT+0700 (Indochina Time)! Possible blocking IO or high CPU user at the same process used by node-cron.
[2026-09-27T11:40:02.016Z] [PID: 15828] [32m[NODE-CRON][32m [33m[WARN][0m missed execution at Sun Sep 27 2026 18:14:00 GMT+0700 (Indochina Time)! Possible blocking IO or high CPU user at the same process used by node-cron.
[2026-09-27T11:40:02.017Z] [PID: 15828] [32m[NODE-CRON][32m [33m[WARN][0m missed execution at Sun Sep 27 2026 18:15:00 GMT+0700 (Indochina Time)! Possible blocking IO or high CPU user at the same process used by node-cron.
[2026-09-27T11:40:02.017Z] [PID: 15828] [32m[NODE-CRON][32m [33m[WARN][0m missed execution at Sun Sep 27 2026 18:16:00 GMT+0700 (Indochina Time)! Possible blocking IO or high CPU user at the same process used by node-cron.
[2026-09-27T11:40:02.017Z] [PID: 15828] [32m[NODE-CRON][32m [33m[WARN][0m missed execution at Sun Sep 27 2026 18:17:00 GMT+0700 (Indochina Time)! Possible blocking IO or high CPU user at the same process used by node-cron.
[2026-09-27T11:40:02.018Z] [PID: 15828] [32m[NODE-CRON][32m [33m[WARN][0m missed execution at Sun Sep 27 2026 18:18:00 GMT+0700 (Indochina Time)! Possible blocking IO or high CPU user at the same process used by node-cron.
[2026-09-27T11:40:02.019Z] [PID: 15828] [32m[NODE-CRON][32m [33m[WARN][0m missed execution at Sun Sep 27 2026 18:19:00 GMT+0700 (Indochina Time)! Possible blocking IO or high CPU user at the same process used by node-cron.
[2026-09-27T11:40:02.019Z] [PID: 15828] [32m[NODE-CRON][32m [33m[WARN][0m missed execution at Sun Sep 27 2026 18:20:00 GMT+0700 (Indochina Time)! Possible blocking IO or high CPU user at the same process used by node-cron.
[2026-09-27T11:40:02.020Z] [PID: 15828] [32m[NODE-CRON][32m [33m[WARN][0m missed execution at Sun Sep 27 2026 18:21:00 GMT+0700 (Indochina Time)! Possible blocking IO or high CPU user at the same process used by node-cron.
[2026-09-27T11:40:02.020Z] [PID: 15828] [32m[NODE-CRON][32m [33m[WARN][0m missed execution at Sun Sep 27 2026 18:22:00 GMT+0700 (Indochina Time)! Possible blocking IO or high CPU user at the same process used by node-cron.
[2026-09-27T11:40:02.021Z] [PID: 15828] [32m[NODE-CRON][32m [33m[WARN][0m missed execution at Sun Sep 27 2026 18:23:00 GMT+0700 (Indochina Time)! Possible blocking IO or high CPU user at the same process used by node-cron.
[2026-09-27T11:40:02.021Z] [PID: 15828] [32m[NODE-CRON][32m [33m[WARN][0m missed execution at Sun Sep 27 2026 18:24:00 GMT+0700 (Indochina Time)! Possible blocking IO or high CPU user at the same process used by node-cron.
[2026-09-27T11:40:02.021Z] [PID: 15828] [32m[NODE-CRON][32m [33m[WARN][0m missed execution at Sun Sep 27 2026 18:25:00 GMT+0700 (Indochina Time)! Possible blocking IO or high CPU user at the same process used by node-cron.
[2026-09-27T11:40:02.022Z] [PID: 15828] [32m[NODE-CRON][32m [33m[WARN][0m missed execution at Sun Sep 27 2026 18:26:00 GMT+0700 (Indochina Time)! Possible blocking IO or high CPU user at the same process used by node-cron.
[2026-09-27T11:40:02.023Z] [PID: 15828] [32m[NODE-CRON][32m [33m[WARN][0m missed execution at Sun Sep 27 2026 18:27:00 GMT+0700 (Indochina Time)! Possible blocking IO or high CPU user at the same process used by node-cron.
[2026-09-27T11:40:02.024Z] [PID: 15828] [32m[NODE-CRON][32m [33m[WARN][0m missed execution at Sun Sep 27 2026 18:28:00 GMT+0700 (Indochina Time)! Possible blocking IO or high CPU user at the same process used by node-cron.
[2026-09-27T11:40:02.025Z] [PID: 15828] [32m[NODE-CRON][32m [33m[WARN][0m missed execution at Sun Sep 27 2026 18:29:00 GMT+0700 (Indochina Time)! Possible blocking IO or high CPU user at the same process used by node-cron.
[2026-09-27T11:40:02.027Z] [PID: 15828] [32m[NODE-CRON][32m [33m[WARN][0m missed execution at Sun Sep 27 2026 18:30:00 GMT+0700 (Indochina Time)! Possible blocking IO or high CPU user at the same process used by node-cron.
[2026-09-27T11:40:02.028Z] [PID: 15828] [32m[NODE-CRON][32m [33m[WARN][0m missed execution at Sun Sep 27 2026 18:31:00 GMT+0700 (Indochina Time)! Possible blocking IO or high CPU user at the same process used by node-cron.
[2026-09-27T11:40:02.029Z] [PID: 15828] [32m[NODE-CRON][32m [33m[WARN][0m missed execution at Sun Sep 27 2026 18:32:00 GMT+0700 (Indochina Time)! Possible blocking IO or high CPU user at the same process used by node-cron.
[2026-09-27T11:40:02.031Z] [PID: 15828] [32m[NODE-CRON][32m [33m[WARN][0m missed execution at Sun Sep 27 2026 18:33:00 GMT+0700 (Indochina Time)! Possible blocking IO or high CPU user at the same process used by node-cron.
[2026-09-27T11:40:02.032Z] [PID: 15828] [32m[NODE-CRON][32m [33m[WARN][0m missed execution at Sun Sep 27 2026 18:34:00 GMT+0700 (Indochina Time)! Possible blocking IO or high CPU user at the same process used by node-cron.
[2026-09-27T11:40:02.034Z] [PID: 15828] [32m[NODE-CRON][32m [33m[WARN][0m missed execution at Sun Sep 27 2026 18:35:00 GMT+0700 (Indochina Time)! Possible blocking IO or high CPU user at the same process used by node-cron.
[2026-09-27T11:40:02.036Z] [PID: 15828] [32m[NODE-CRON][32m [33m[WARN][0m missed execution at Sun Sep 27 2026 18:36:00 GMT+0700 (Indochina Time)! Possible blocking IO or high CPU user at the same process used by node-cron.
[2026-09-27T11:40:02.038Z] [PID: 15828] [32m[NODE-CRON][32m [33m[WARN][0m missed execution at Sun Sep 27 2026 18:37:00 GMT+0700 (Indochina Time)! Possible blocking IO or high CPU user at the same process used by node-cron.
[2026-09-27T11:40:02.066Z] [PID: 15828] [32m[NODE-CRON][32m [33m[WARN][0m missed execution at Sun Sep 27 2026 18:38:00 GMT+0700 (Indochina Time)! Possible blocking IO or high CPU user at the same process used by node-cron.
[2026-09-27T11:40:02.253Z] [PID: 15828] [32m[NODE-CRON][32m [33m[WARN][0m missed execution at Sun Sep 27 2026 18:39:00 GMT+0700 (Indochina Time)! Possible blocking IO or high CPU user at the same process used by node-cron.
[2026-09-27T11:40:02.509Z] [PID: 15828] [32m[NODE-CRON][32m [33m[WARN][0m missed execution at Sun Sep 27 2026 15:40:00 GMT+0700 (Indochina Time)! Possible blocking IO or high CPU user at the same process used by node-cron.
[2026-09-27T11:40:02.517Z] [PID: 15828] [32m[NODE-CRON][32m [33m[WARN][0m missed execution at Sun Sep 27 2026 15:41:00 GMT+0700 (Indochina Time)! Possible blocking IO or high CPU user at the same process used by node-cron.
[2026-09-27T11:40:02.527Z] [PID: 15828] [32m[NODE-CRON][32m [33m[WARN][0m missed execution at Sun Sep 27 2026 15:42:00 GMT+0700 (Indochina Time)! Possible blocking IO or high CPU user at the same process used by node-cron.
[2026-09-27T11:40:02.533Z] [PID: 15828] [32m[NODE-CRON][32m [33m[WARN][0m missed execution at Sun Sep 27 2026 15:43:00 GMT+0700 (Indochina Time)! Possible blocking IO or high CPU user at the same process used by node-cron.
[2026-09-27T11:40:02.535Z] [PID: 15828] [32m[NODE-CRON][32m [33m[WARN][0m missed execution at Sun Sep 27 2026 15:44:00 GMT+0700 (Indochina Time)! Possible blocking IO or high CPU user at the same process used by node-cron.
[2026-09-27T11:40:02.538Z] [PID: 15828] [32m[NODE-CRON][32m [33m[WARN][0m missed execution at Sun Sep 27 2026 15:45:00 GMT+0700 (Indochina Time)! Possible blocking IO or high CPU user at the same process used by node-cron.
[2026-09-27T11:40:02.539Z] [PID: 15828] [32m[NODE-CRON][32m [33m[WARN][0m missed execution at Sun Sep 27 2026 15:46:00 GMT+0700 (Indochina Time)! Possible blocking IO or high CPU user at the same process used by node-cron.
[2026-09-27T11:40:02.541Z] [PID: 15828] [32m[NODE-CRON][32m [33m[WARN][0m missed execution at Sun Sep 27 2026 15:47:00 GMT+0700 (Indochina Time)! Possible blocking IO or high CPU user at the same process used by node-cron.
[2026-09-27T11:40:02.542Z] [PID: 15828] [32m[NODE-CRON][32m [33m[WARN][0m missed execution at Sun Sep 27 2026 15:48:00 GMT+0700 (Indochina Time)! Possible blocking IO or high CPU user at the same process used by node-cron.
[2026-09-27T11:40:02.544Z] [PID: 15828] [32m[NODE-CRON][32m [33m[WARN][0m missed execution at Sun Sep 27 2026 15:49:00 GMT+0700 (Indochina Time)! Possible blocking IO or high CPU user at the same process used by node-cron.
[2026-09-27T11:40:02.545Z] [PID: 15828] [32m[NODE-CRON][32m [33m[WARN][0m missed execution at Sun Sep 27 2026 15:50:00 GMT+0700 (Indochina Time)! Possible blocking IO or high CPU user at the same process used by node-cron.
[2026-09-27T11:40:02.546Z] [PID: 15828] [32m[NODE-CRON][32m [33m[WARN][0m missed execution at Sun Sep 27 2026 15:51:00 GMT+0700 (Indochina Time)! Possible blocking IO or high CPU user at the same process used by node-cron.
[2026-09-27T11:40:02.547Z] [PID: 15828] [32m[NODE-CRON][32m [33m[WARN][0m missed execution at Sun Sep 27 2026 15:52:00 GMT+0700 (Indochina Time)! Possible blocking IO or high CPU user at the same process used by node-cron.
[2026-09-27T11:40:02.549Z] [PID: 15828] [32m[NODE-CRON][32m [33m[WARN][0m missed execution at Sun Sep 27 2026 15:53:00 GMT+0700 (Indochina Time)! Possible blocking IO or high CPU user at the same process used by node-cron.
[2026-09-27T11:40:02.549Z] [PID: 15828] [32m[NODE-CRON][32m [33m[WARN][0m missed execution at Sun Sep 27 2026 15:54:00 GMT+0700 (Indochina Time)! Possible blocking IO or high CPU user at the same process used by node-cron.
[2026-09-27T11:40:02.549Z] [PID: 15828] [32m[NODE-CRON][32m [33m[WARN][0m missed execution at Sun Sep 27 2026 15:55:00 GMT+0700 (Indochina Time)! Possible blocking IO or high CPU user at the same process used by node-cron.
[2026-09-27T11:40:02.550Z] [PID: 15828] [32m[NODE-CRON][32m [33m[WARN][0m missed execution at Sun Sep 27 2026 15:56:00 GMT+0700 (Indochina Time)! Possible blocking IO or high CPU user at the same process used by node-cron.
[2026-09-27T11:40:02.551Z] [PID: 15828] [32m[NODE-CRON][32m [33m[WARN][0m missed execution at Sun Sep 27 2026 15:57:00 GMT+0700 (Indochina Time)! Possible blocking IO or high CPU user at the same process used by node-cron.
[2026-09-27T11:40:02.552Z] [PID: 15828] [32m[NODE-CRON][32m [33m[WARN][0m missed execution at Sun Sep 27 2026 15:58:00 GMT+0700 (Indochina Time)! Possible blocking IO or high CPU user at the same process used by node-cron.
[2026-09-27T11:40:02.552Z] [PID: 15828] [32m[NODE-CRON][32m [33m[WARN][0m missed execution at Sun Sep 27 2026 15:59:00 GMT+0700 (Indochina Time)! Possible blocking IO or high CPU user at the same process used by node-cron.
[2026-09-27T11:40:02.552Z] [PID: 15828] [32m[NODE-CRON][32m [33m[WARN][0m missed execution at Sun Sep 27 2026 16:00:00 GMT+0700 (Indochina Time)! Possible blocking IO or high CPU user at the same process used by node-cron.
[2026-09-27T11:40:02.552Z] [PID: 15828] [32m[NODE-CRON][32m [33m[WARN][0m missed execution at Sun Sep 27 2026 16:01:00 GMT+0700 (Indochina Time)! Possible blocking IO or high CPU user at the same process used by node-cron.
[2026-09-27T11:40:02.553Z] [PID: 15828] [32m[NODE-CRON][32m [33m[WARN][0m missed execution at Sun Sep 27 2026 16:02:00 GMT+0700 (Indochina Time)! Possible blocking IO or high CPU user at the same process used by node-cron.
[2026-09-27T11:40:02.553Z] [PID: 15828] [32m[NODE-CRON][32m [33m[WARN][0m missed execution at Sun Sep 27 2026 16:03:00 GMT+0700 (Indochina Time)! Possible blocking IO or high CPU user at the same process used by node-cron.
[2026-09-27T11:40:02.554Z] [PID: 15828] [32m[NODE-CRON][32m [33m[WARN][0m missed execution at Sun Sep 27 2026 16:04:00 GMT+0700 (Indochina Time)! Possible blocking IO or high CPU user at the same process used by node-cron.
[2026-09-27T11:40:02.555Z] [PID: 15828] [32m[NODE-CRON][32m [33m[WARN][0m missed execution at Sun Sep 27 2026 16:05:00 GMT+0700 (Indochina Time)! Possible blocking IO or high CPU user at the same process used by node-cron.
[2026-09-27T11:40:02.555Z] [PID: 15828] [32m[NODE-CRON][32m [33m[WARN][0m missed execution at Sun Sep 27 2026 16:06:00 GMT+0700 (Indochina Time)! Possible blocking IO or high CPU user at the same process used by node-cron.
[2026-09-27T11:40:02.555Z] [PID: 15828] [32m[NODE-CRON][32m [33m[WARN][0m missed execution at Sun Sep 27 2026 16:07:00 GMT+0700 (Indochina Time)! Possible blocking IO or high CPU user at the same process used by node-cron.
[2026-09-27T11:40:02.556Z] [PID: 15828] [32m[NODE-CRON][32m [33m[WARN][0m missed execution at Sun Sep 27 2026 16:08:00 GMT+0700 (Indochina Time)! Possible blocking IO or high CPU user at the same process used by node-cron.
[2026-09-27T11:40:02.556Z] [PID: 15828] [32m[NODE-CRON][32m [33m[WARN][0m missed execution at Sun Sep 27 2026 16:09:00 GMT+0700 (Indochina Time)! Possible blocking IO or high CPU user at the same process used by node-cron.
[2026-09-27T11:40:02.557Z] [PID: 15828] [32m[NODE-CRON][32m [33m[WARN][0m missed execution at Sun Sep 27 2026 16:10:00 GMT+0700 (Indochina Time)! Possible blocking IO or high CPU user at the same process used by node-cron.
[2026-09-27T11:40:02.558Z] [PID: 15828] [32m[NODE-CRON][32m [33m[WARN][0m missed execution at Sun Sep 27 2026 16:11:00 GMT+0700 (Indochina Time)! Possible blocking IO or high CPU user at the same process used by node-cron.
[2026-09-27T11:40:02.559Z] [PID: 15828] [32m[NODE-CRON][32m [33m[WARN][0m missed execution at Sun Sep 27 2026 16:12:00 GMT+0700 (Indochina Time)! Possible blocking IO or high CPU user at the same process used by node-cron.
[2026-09-27T11:40:02.559Z] [PID: 15828] [32m[NODE-CRON][32m [33m[WARN][0m missed execution at Sun Sep 27 2026 16:13:00 GMT+0700 (Indochina Time)! Possible blocking IO or high CPU user at the same process used by node-cron.
[2026-09-27T11:40:02.560Z] [PID: 15828] [32m[NODE-CRON][32m [33m[WARN][0m missed execution at Sun Sep 27 2026 16:14:00 GMT+0700 (Indochina Time)! Possible blocking IO or high CPU user at the same process used by node-cron.
[2026-09-27T11:40:02.560Z] [PID: 15828] [32m[NODE-CRON][32m [33m[WARN][0m missed execution at Sun Sep 27 2026 16:15:00 GMT+0700 (Indochina Time)! Possible blocking IO or high CPU user at the same process used by node-cron.
[2026-09-27T11:40:02.560Z] [PID: 15828] [32m[NODE-CRON][32m [33m[WARN][0m missed execution at Sun Sep 27 2026 16:16:00 GMT+0700 (Indochina Time)! Possible blocking IO or high CPU user at the same process used by node-cron.
[2026-09-27T11:40:02.561Z] [PID: 15828] [32m[NODE-CRON][32m [33m[WARN][0m missed execution at Sun Sep 27 2026 16:17:00 GMT+0700 (Indochina Time)! Possible blocking IO or high CPU user at the same process used by node-cron.
[2026-09-27T11:40:02.562Z] [PID: 15828] [32m[NODE-CRON][32m [33m[WARN][0m missed execution at Sun Sep 27 2026 16:18:00 GMT+0700 (Indochina Time)! Possible blocking IO or high CPU user at the same process used by node-cron.
[2026-09-27T11:40:02.563Z] [PID: 15828] [32m[NODE-CRON][32m [33m[WARN][0m missed execution at Sun Sep 27 2026 16:19:00 GMT+0700 (Indochina Time)! Possible blocking IO or high CPU user at the same process used by node-cron.
[2026-09-27T11:40:02.563Z] [PID: 15828] [32m[NODE-CRON][32m [33m[WARN][0m missed execution at Sun Sep 27 2026 16:20:00 GMT+0700 (Indochina Time)! Possible blocking IO or high CPU user at the same process used by node-cron.
[2026-09-27T11:40:02.563Z] [PID: 15828] [32m[NODE-CRON][32m [33m[WARN][0m missed execution at Sun Sep 27 2026 16:21:00 GMT+0700 (Indochina Time)! Possible blocking IO or high CPU user at the same process used by node-cron.
[2026-09-27T11:40:02.564Z] [PID: 15828] [32m[NODE-CRON][32m [33m[WARN][0m missed execution at Sun Sep 27 2026 16:22:00 GMT+0700 (Indochina Time)! Possible blocking IO or high CPU user at the same process used by node-cron.
[2026-09-27T11:40:02.564Z] [PID: 15828] [32m[NODE-CRON][32m [33m[WARN][0m missed execution at Sun Sep 27 2026 16:23:00 GMT+0700 (Indochina Time)! Possible blocking IO or high CPU user at the same process used by node-cron.
[2026-09-27T11:40:02.566Z] [PID: 15828] [32m[NODE-CRON][32m [33m[WARN][0m missed execution at Sun Sep 27 2026 16:24:00 GMT+0700 (Indochina Time)! Possible blocking IO or high CPU user at the same process used by node-cron.
[2026-09-27T11:40:02.567Z] [PID: 15828] [32m[NODE-CRON][32m [33m[WARN][0m missed execution at Sun Sep 27 2026 16:25:00 GMT+0700 (Indochina Time)! Possible blocking IO or high CPU user at the same process used by node-cron.
[2026-09-27T11:40:02.568Z] [PID: 15828] [32m[NODE-CRON][32m [33m[WARN][0m missed execution at Sun Sep 27 2026 16:26:00 GMT+0700 (Indochina Time)! Possible blocking IO or high CPU user at the same process used by node-cron.
[2026-09-27T11:40:02.569Z] [PID: 15828] [32m[NODE-CRON][32m [33m[WARN][0m missed execution at Sun Sep 27 2026 16:27:00 GMT+0700 (Indochina Time)! Possible blocking IO or high CPU user at the same process used by node-cron.
[2026-09-27T11:40:02.570Z] [PID: 15828] [32m[NODE-CRON][32m [33m[WARN][0m missed execution at Sun Sep 27 2026 16:28:00 GMT+0700 (Indochina Time)! Possible blocking IO or high CPU user at the same process used by node-cron.
[2026-09-27T11:40:02.570Z] [PID: 15828] [32m[NODE-CRON][32m [33m[WARN][0m missed execution at Sun Sep 27 2026 16:29:00 GMT+0700 (Indochina Time)! Possible blocking IO or high CPU user at the same process used by node-cron.
[2026-09-27T11:40:02.571Z] [PID: 15828] [32m[NODE-CRON][32m [33m[WARN][0m missed execution at Sun Sep 27 2026 16:30:00 GMT+0700 (Indochina Time)! Possible blocking IO or high CPU user at the same process used by node-cron.
[2026-09-27T11:40:02.572Z] [PID: 15828] [32m[NODE-CRON][32m [33m[WARN][0m missed execution at Sun Sep 27 2026 16:31:00 GMT+0700 (Indochina Time)! Possible blocking IO or high CPU user at the same process used by node-cron.
[2026-09-27T11:40:02.573Z] [PID: 15828] [32m[NODE-CRON][32m [33m[WARN][0m missed execution at Sun Sep 27 2026 16:32:00 GMT+0700 (Indochina Time)! Possible blocking IO or high CPU user at the same process used by node-cron.
[2026-09-27T11:40:02.573Z] [PID: 15828] [32m[NODE-CRON][32m [33m[WARN][0m missed execution at Sun Sep 27 2026 16:33:00 GMT+0700 (Indochina Time)! Possible blocking IO or high CPU user at the same process used by node-cron.
[2026-09-27T11:40:02.574Z] [PID: 15828] [32m[NODE-CRON][32m [33m[WARN][0m missed execution at Sun Sep 27 2026 16:34:00 GMT+0700 (Indochina Time)! Possible blocking IO or high CPU user at the same process used by node-cron.
[2026-09-27T11:40:02.575Z] [PID: 15828] [32m[NODE-CRON][32m [33m[WARN][0m missed execution at Sun Sep 27 2026 16:35:00 GMT+0700 (Indochina Time)! Possible blocking IO or high CPU user at the same process used by node-cron.
[2026-09-27T11:40:02.577Z] [PID: 15828] [32m[NODE-CRON][32m [33m[WARN][0m missed execution at Sun Sep 27 2026 16:36:00 GMT+0700 (Indochina Time)! Possible blocking IO or high CPU user at the same process used by node-cron.
[2026-09-27T11:40:02.577Z] [PID: 15828] [32m[NODE-CRON][32m [33m[WARN][0m missed execution at Sun Sep 27 2026 16:37:00 GMT+0700 (Indochina Time)! Possible blocking IO or high CPU user at the same process used by node-cron.
[2026-09-27T11:40:02.582Z] [PID: 15828] [32m[NODE-CRON][32m [33m[WARN][0m missed execution at Sun Sep 27 2026 16:38:00 GMT+0700 (Indochina Time)! Possible blocking IO or high CPU user at the same process used by node-cron.
[2026-09-27T11:40:02.584Z] [PID: 15828] [32m[NODE-CRON][32m [33m[WARN][0m missed execution at Sun Sep 27 2026 16:39:00 GMT+0700 (Indochina Time)! Possible blocking IO or high CPU user at the same process used by node-cron.
[2026-09-27T11:40:02.586Z] [PID: 15828] [32m[NODE-CRON][32m [33m[WARN][0m missed execution at Sun Sep 27 2026 16:40:00 GMT+0700 (Indochina Time)! Possible blocking IO or high CPU user at the same process used by node-cron.
[2026-09-27T11:40:02.587Z] [PID: 15828] [32m[NODE-CRON][32m [33m[WARN][0m missed execution at Sun Sep 27 2026 16:41:00 GMT+0700 (Indochina Time)! Possible blocking IO or high CPU user at the same process used by node-cron.
[2026-09-27T11:40:02.588Z] [PID: 15828] [32m[NODE-CRON][32m [33m[WARN][0m missed execution at Sun Sep 27 2026 16:42:00 GMT+0700 (Indochina Time)! Possible blocking IO or high CPU user at the same process used by node-cron.
[2026-09-27T11:40:02.589Z] [PID: 15828] [32m[NODE-CRON][32m [33m[WARN][0m missed execution at Sun Sep 27 2026 16:43:00 GMT+0700 (Indochina Time)! Possible blocking IO or high CPU user at the same process used by node-cron.
[2026-09-27T11:40:02.590Z] [PID: 15828] [32m[NODE-CRON][32m [33m[WARN][0m missed execution at Sun Sep 27 2026 16:44:00 GMT+0700 (Indochina Time)! Possible blocking IO or high CPU user at the same process used by node-cron.
[2026-09-27T11:40:02.591Z] [PID: 15828] [32m[NODE-CRON][32m [33m[WARN][0m missed execution at Sun Sep 27 2026 16:45:00 GMT+0700 (Indochina Time)! Possible blocking IO or high CPU user at the same process used by node-cron.
[2026-09-27T11:40:02.596Z] [PID: 15828] [32m[NODE-CRON][32m [33m[WARN][0m missed execution at Sun Sep 27 2026 16:46:00 GMT+0700 (Indochina Time)! Possible blocking IO or high CPU user at the same process used by node-cron.
[2026-09-27T11:40:02.597Z] [PID: 15828] [32m[NODE-CRON][32m [33m[WARN][0m missed execution at Sun Sep 27 2026 16:47:00 GMT+0700 (Indochina Time)! Possible blocking IO or high CPU user at the same process used by node-cron.
[2026-09-27T11:40:02.598Z] [PID: 15828] [32m[NODE-CRON][32m [33m[WARN][0m missed execution at Sun Sep 27 2026 16:48:00 GMT+0700 (Indochina Time)! Possible blocking IO or high CPU user at the same process used by node-cron.
[2026-09-27T11:40:02.599Z] [PID: 15828] [32m[NODE-CRON][32m [33m[WARN][0m missed execution at Sun Sep 27 2026 16:49:00 GMT+0700 (Indochina Time)! Possible blocking IO or high CPU user at the same process used by node-cron.
[2026-09-27T11:40:02.601Z] [PID: 15828] [32m[NODE-CRON][32m [33m[WARN][0m missed execution at Sun Sep 27 2026 16:50:00 GMT+0700 (Indochina Time)! Possible blocking IO or high CPU user at the same process used by node-cron.
[2026-09-27T11:40:02.602Z] [PID: 15828] [32m[NODE-CRON][32m [33m[WARN][0m missed execution at Sun Sep 27 2026 16:51:00 GMT+0700 (Indochina Time)! Possible blocking IO or high CPU user at the same process used by node-cron.
[2026-09-27T11:40:02.604Z] [PID: 15828] [32m[NODE-CRON][32m [33m[WARN][0m missed execution at Sun Sep 27 2026 16:52:00 GMT+0700 (Indochina Time)! Possible blocking IO or high CPU user at the same process used by node-cron.
[2026-09-27T11:40:02.605Z] [PID: 15828] [32m[NODE-CRON][32m [33m[WARN][0m missed execution at Sun Sep 27 2026 16:53:00 GMT+0700 (Indochina Time)! Possible blocking IO or high CPU user at the same process used by node-cron.
[2026-09-27T11:40:02.610Z] [PID: 15828] [32m[NODE-CRON][32m [33m[WARN][0m missed execution at Sun Sep 27 2026 16:54:00 GMT+0700 (Indochina Time)! Possible blocking IO or high CPU user at the same process used by node-cron.
[2026-09-27T11:40:02.612Z] [PID: 15828] [32m[NODE-CRON][32m [33m[WARN][0m missed execution at Sun Sep 27 2026 16:55:00 GMT+0700 (Indochina Time)! Possible blocking IO or high CPU user at the same process used by node-cron.
[2026-09-27T11:40:02.612Z] [PID: 15828] [32m[NODE-CRON][32m [33m[WARN][0m missed execution at Sun Sep 27 2026 16:56:00 GMT+0700 (Indochina Time)! Possible blocking IO or high CPU user at the same process used by node-cron.
[2026-09-27T11:40:02.613Z] [PID: 15828] [32m[NODE-CRON][32m [33m[WARN][0m missed execution at Sun Sep 27 2026 16:57:00 GMT+0700 (Indochina Time)! Possible blocking IO or high CPU user at the same process used by node-cron.
[2026-09-27T11:40:02.615Z] [PID: 15828] [32m[NODE-CRON][32m [33m[WARN][0m missed execution at Sun Sep 27 2026 16:58:00 GMT+0700 (Indochina Time)! Possible blocking IO or high CPU user at the same process used by node-cron.
[2026-09-27T11:40:02.616Z] [PID: 15828] [32m[NODE-CRON][32m [33m[WARN][0m missed execution at Sun Sep 27 2026 16:59:00 GMT+0700 (Indochina Time)! Possible blocking IO or high CPU user at the same process used by node-cron.
[2026-09-27T11:40:02.617Z] [PID: 15828] [32m[NODE-CRON][32m [33m[WARN][0m missed execution at Sun Sep 27 2026 17:00:00 GMT+0700 (Indochina Time)! Possible blocking IO or high CPU user at the same process used by node-cron.
[2026-09-27T11:40:02.618Z] [PID: 15828] [32m[NODE-CRON][32m [33m[WARN][0m missed execution at Sun Sep 27 2026 17:01:00 GMT+0700 (Indochina Time)! Possible blocking IO or high CPU user at the same process used by node-cron.
[2026-09-27T11:40:02.621Z] [PID: 15828] [32m[NODE-CRON][32m [33m[WARN][0m missed execution at Sun Sep 27 2026 17:02:00 GMT+0700 (Indochina Time)! Possible blocking IO or high CPU user at the same process used by node-cron.
[2026-09-27T11:40:02.623Z] [PID: 15828] [32m[NODE-CRON][32m [33m[WARN][0m missed execution at Sun Sep 27 2026 17:03:00 GMT+0700 (Indochina Time)! Possible blocking IO or high CPU user at the same process used by node-cron.
[2026-09-27T11:40:02.625Z] [PID: 15828] [32m[NODE-CRON][32m [33m[WARN][0m missed execution at Sun Sep 27 2026 17:04:00 GMT+0700 (Indochina Time)! Possible blocking IO or high CPU user at the same process used by node-cron.
[2026-09-27T11:40:02.626Z] [PID: 15828] [32m[NODE-CRON][32m [33m[WARN][0m missed execution at Sun Sep 27 2026 17:05:00 GMT+0700 (Indochina Time)! Possible blocking IO or high CPU user at the same process used by node-cron.
[2026-09-27T11:40:02.628Z] [PID: 15828] [32m[NODE-CRON][32m [33m[WARN][0m missed execution at Sun Sep 27 2026 17:06:00 GMT+0700 (Indochina Time)! Possible blocking IO or high CPU user at the same process used by node-cron.
[2026-09-27T11:40:02.629Z] [PID: 15828] [32m[NODE-CRON][32m [33m[WARN][0m missed execution at Sun Sep 27 2026 17:07:00 GMT+0700 (Indochina Time)! Possible blocking IO or high CPU user at the same process used by node-cron.
[2026-09-27T11:40:02.631Z] [PID: 15828] [32m[NODE-CRON][32m [33m[WARN][0m missed execution at Sun Sep 27 2026 17:08:00 GMT+0700 (Indochina Time)! Possible blocking IO or high CPU user at the same process used by node-cron.
[2026-09-27T11:40:02.632Z] [PID: 15828] [32m[NODE-CRON][32m [33m[WARN][0m missed execution at Sun Sep 27 2026 17:09:00 GMT+0700 (Indochina Time)! Possible blocking IO or high CPU user at the same process used by node-cron.
[2026-09-27T11:40:02.633Z] [PID: 15828] [32m[NODE-CRON][32m [33m[WARN][0m missed execution at Sun Sep 27 2026 17:10:00 GMT+0700 (Indochina Time)! Possible blocking IO or high CPU user at the same process used by node-cron.
[2026-09-27T11:40:02.634Z] [PID: 15828] [32m[NODE-CRON][32m [33m[WARN][0m missed execution at Sun Sep 27 2026 17:11:00 GMT+0700 (Indochina Time)! Possible blocking IO or high CPU user at the same process used by node-cron.
[2026-09-27T11:40:02.634Z] [PID: 15828] [32m[NODE-CRON][32m [33m[WARN][0m missed execution at Sun Sep 27 2026 17:12:00 GMT+0700 (Indochina Time)! Possible blocking IO or high CPU user at the same process used by node-cron.
[2026-09-27T11:40:02.635Z] [PID: 15828] [32m[NODE-CRON][32m [33m[WARN][0m missed execution at Sun Sep 27 2026 17:13:00 GMT+0700 (Indochina Time)! Possible blocking IO or high CPU user at the same process used by node-cron.
[2026-09-27T11:40:02.643Z] [PID: 15828] [32m[NODE-CRON][32m [33m[WARN][0m missed execution at Sun Sep 27 2026 17:14:00 GMT+0700 (Indochina Time)! Possible blocking IO or high CPU user at the same process used by node-cron.
[2026-09-27T11:40:02.651Z] [PID: 15828] [32m[NODE-CRON][32m [33m[WARN][0m missed execution at Sun Sep 27 2026 17:15:00 GMT+0700 (Indochina Time)! Possible blocking IO or high CPU user at the same process used by node-cron.
[2026-09-27T11:40:02.657Z] [PID: 15828] [32m[NODE-CRON][32m [33m[WARN][0m missed execution at Sun Sep 27 2026 17:16:00 GMT+0700 (Indochina Time)! Possible blocking IO or high CPU user at the same process used by node-cron.
[2026-09-27T11:40:02.658Z] [PID: 15828] [32m[NODE-CRON][32m [33m[WARN][0m missed execution at Sun Sep 27 2026 17:17:00 GMT+0700 (Indochina Time)! Possible blocking IO or high CPU user at the same process used by node-cron.
[2026-09-27T11:40:02.659Z] [PID: 15828] [32m[NODE-CRON][32m [33m[WARN][0m missed execution at Sun Sep 27 2026 17:18:00 GMT+0700 (Indochina Time)! Possible blocking IO or high CPU user at the same process used by node-cron.
[2026-09-27T11:40:02.660Z] [PID: 15828] [32m[NODE-CRON][32m [33m[WARN][0m missed execution at Sun Sep 27 2026 17:19:00 GMT+0700 (Indochina Time)! Possible blocking IO or high CPU user at the same process used by node-cron.
[2026-09-27T11:40:02.660Z] [PID: 15828] [32m[NODE-CRON][32m [33m[WARN][0m missed execution at Sun Sep 27 2026 17:20:00 GMT+0700 (Indochina Time)! Possible blocking IO or high CPU user at the same process used by node-cron.
[2026-09-27T11:40:02.661Z] [PID: 15828] [32m[NODE-CRON][32m [33m[WARN][0m missed execution at Sun Sep 27 2026 17:21:00 GMT+0700 (Indochina Time)! Possible blocking IO or high CPU user at the same process used by node-cron.
[2026-09-27T11:40:02.662Z] [PID: 15828] [32m[NODE-CRON][32m [33m[WARN][0m missed execution at Sun Sep 27 2026 17:22:00 GMT+0700 (Indochina Time)! Possible blocking IO or high CPU user at the same process used by node-cron.
[2026-09-27T11:40:02.663Z] [PID: 15828] [32m[NODE-CRON][32m [33m[WARN][0m missed execution at Sun Sep 27 2026 17:23:00 GMT+0700 (Indochina Time)! Possible blocking IO or high CPU user at the same process used by node-cron.
[2026-09-27T11:40:02.664Z] [PID: 15828] [32m[NODE-CRON][32m [33m[WARN][0m missed execution at Sun Sep 27 2026 17:24:00 GMT+0700 (Indochina Time)! Possible blocking IO or high CPU user at the same process used by node-cron.
[2026-09-27T11:40:02.666Z] [PID: 15828] [32m[NODE-CRON][32m [33m[WARN][0m missed execution at Sun Sep 27 2026 17:25:00 GMT+0700 (Indochina Time)! Possible blocking IO or high CPU user at the same process used by node-cron.
[2026-09-27T11:40:02.667Z] [PID: 15828] [32m[NODE-CRON][32m [33m[WARN][0m missed execution at Sun Sep 27 2026 17:26:00 GMT+0700 (Indochina Time)! Possible blocking IO or high CPU user at the same process used by node-cron.
[2026-09-27T11:40:02.668Z] [PID: 15828] [32m[NODE-CRON][32m [33m[WARN][0m missed execution at Sun Sep 27 2026 17:27:00 GMT+0700 (Indochina Time)! Possible blocking IO or high CPU user at the same process used by node-cron.
[2026-09-27T11:40:02.669Z] [PID: 15828] [32m[NODE-CRON][32m [33m[WARN][0m missed execution at Sun Sep 27 2026 17:28:00 GMT+0700 (Indochina Time)! Possible blocking IO or high CPU user at the same process used by node-cron.
[2026-09-27T11:40:02.669Z] [PID: 15828] [32m[NODE-CRON][32m [33m[WARN][0m missed execution at Sun Sep 27 2026 17:29:00 GMT+0700 (Indochina Time)! Possible blocking IO or high CPU user at the same process used by node-cron.
[2026-09-27T11:40:02.670Z] [PID: 15828] [32m[NODE-CRON][32m [33m[WARN][0m missed execution at Sun Sep 27 2026 17:30:00 GMT+0700 (Indochina Time)! Possible blocking IO or high CPU user at the same process used by node-cron.
[2026-09-27T11:40:02.671Z] [PID: 15828] [32m[NODE-CRON][32m [33m[WARN][0m missed execution at Sun Sep 27 2026 17:31:00 GMT+0700 (Indochina Time)! Possible blocking IO or high CPU user at the same process used by node-cron.
[2026-09-27T11:40:02.675Z] [PID: 15828] [32m[NODE-CRON][32m [33m[WARN][0m missed execution at Sun Sep 27 2026 17:32:00 GMT+0700 (Indochina Time)! Possible blocking IO or high CPU user at the same process used by node-cron.
[2026-09-27T11:40:02.677Z] [PID: 15828] [32m[NODE-CRON][32m [33m[WARN][0m missed execution at Sun Sep 27 2026 17:33:00 GMT+0700 (Indochina Time)! Possible blocking IO or high CPU user at the same process used by node-cron.
[2026-09-27T11:40:02.678Z] [PID: 15828] [32m[NODE-CRON][32m [33m[WARN][0m missed execution at Sun Sep 27 2026 17:34:00 GMT+0700 (Indochina Time)! Possible blocking IO or high CPU user at the same process used by node-cron.
[2026-09-27T11:40:02.678Z] [PID: 15828] [32m[NODE-CRON][32m [33m[WARN][0m missed execution at Sun Sep 27 2026 17:35:00 GMT+0700 (Indochina Time)! Possible blocking IO or high CPU user at the same process used by node-cron.
[2026-09-27T11:40:02.679Z] [PID: 15828] [32m[NODE-CRON][32m [33m[WARN][0m missed execution at Sun Sep 27 2026 17:36:00 GMT+0700 (Indochina Time)! Possible blocking IO or high CPU user at the same process used by node-cron.
[2026-09-27T11:40:02.680Z] [PID: 15828] [32m[NODE-CRON][32m [33m[WARN][0m missed execution at Sun Sep 27 2026 17:37:00 GMT+0700 (Indochina Time)! Possible blocking IO or high CPU user at the same process used by node-cron.
[2026-09-27T11:40:02.681Z] [PID: 15828] [32m[NODE-CRON][32m [33m[WARN][0m missed execution at Sun Sep 27 2026 17:38:00 GMT+0700 (Indochina Time)! Possible blocking IO or high CPU user at the same process used by node-cron.
[2026-09-27T11:40:02.682Z] [PID: 15828] [32m[NODE-CRON][32m [33m[WARN][0m missed execution at Sun Sep 27 2026 17:39:00 GMT+0700 (Indochina Time)! Possible blocking IO or high CPU user at the same process used by node-cron.
[2026-09-27T11:40:02.684Z] [PID: 15828] [32m[NODE-CRON][32m [33m[WARN][0m missed execution at Sun Sep 27 2026 17:40:00 GMT+0700 (Indochina Time)! Possible blocking IO or high CPU user at the same process used by node-cron.
[2026-09-27T11:40:02.689Z] [PID: 15828] [32m[NODE-CRON][32m [33m[WARN][0m missed execution at Sun Sep 27 2026 17:41:00 GMT+0700 (Indochina Time)! Possible blocking IO or high CPU user at the same process used by node-cron.
[2026-09-27T11:40:02.690Z] [PID: 15828] [32m[NODE-CRON][32m [33m[WARN][0m missed execution at Sun Sep 27 2026 17:42:00 GMT+0700 (Indochina Time)! Possible blocking IO or high CPU user at the same process used by node-cron.
[2026-09-27T11:40:02.691Z] [PID: 15828] [32m[NODE-CRON][32m [33m[WARN][0m missed execution at Sun Sep 27 2026 17:43:00 GMT+0700 (Indochina Time)! Possible blocking IO or high CPU user at the same process used by node-cron.
[2026-09-27T11:40:02.692Z] [PID: 15828] [32m[NODE-CRON][32m [33m[WARN][0m missed execution at Sun Sep 27 2026 17:44:00 GMT+0700 (Indochina Time)! Possible blocking IO or high CPU user at the same process used by node-cron.
[2026-09-27T11:40:02.693Z] [PID: 15828] [32m[NODE-CRON][32m [33m[WARN][0m missed execution at Sun Sep 27 2026 17:45:00 GMT+0700 (Indochina Time)! Possible blocking IO or high CPU user at the same process used by node-cron.
[2026-09-27T11:40:02.693Z] [PID: 15828] [32m[NODE-CRON][32m [33m[WARN][0m missed execution at Sun Sep 27 2026 17:46:00 GMT+0700 (Indochina Time)! Possible blocking IO or high CPU user at the same process used by node-cron.
[2026-09-27T11:40:02.694Z] [PID: 15828] [32m[NODE-CRON][32m [33m[WARN][0m missed execution at Sun Sep 27 2026 17:47:00 GMT+0700 (Indochina Time)! Possible blocking IO or high CPU user at the same process used by node-cron.
[2026-09-27T11:40:02.695Z] [PID: 15828] [32m[NODE-CRON][32m [33m[WARN][0m missed execution at Sun Sep 27 2026 17:48:00 GMT+0700 (Indochina Time)! Possible blocking IO or high CPU user at the same process used by node-cron.
[2026-09-27T11:40:02.695Z] [PID: 15828] [32m[NODE-CRON][32m [33m[WARN][0m missed execution at Sun Sep 27 2026 17:49:00 GMT+0700 (Indochina Time)! Possible blocking IO or high CPU user at the same process used by node-cron.
[2026-09-27T11:40:02.696Z] [PID: 15828] [32m[NODE-CRON][32m [33m[WARN][0m missed execution at Sun Sep 27 2026 17:50:00 GMT+0700 (Indochina Time)! Possible blocking IO or high CPU user at the same process used by node-cron.
[2026-09-27T11:40:02.699Z] [PID: 15828] [32m[NODE-CRON][32m [33m[WARN][0m missed execution at Sun Sep 27 2026 17:51:00 GMT+0700 (Indochina Time)! Possible blocking IO or high CPU user at the same process used by node-cron.
[2026-09-27T11:40:02.700Z] [PID: 15828] [32m[NODE-CRON][32m [33m[WARN][0m missed execution at Sun Sep 27 2026 17:52:00 GMT+0700 (Indochina Time)! Possible blocking IO or high CPU user at the same process used by node-cron.
[2026-09-27T11:40:02.704Z] [PID: 15828] [32m[NODE-CRON][32m [33m[WARN][0m missed execution at Sun Sep 27 2026 17:53:00 GMT+0700 (Indochina Time)! Possible blocking IO or high CPU user at the same process used by node-cron.
[2026-09-27T11:40:02.706Z] [PID: 15828] [32m[NODE-CRON][32m [33m[WARN][0m missed execution at Sun Sep 27 2026 17:54:00 GMT+0700 (Indochina Time)! Possible blocking IO or high CPU user at the same process used by node-cron.
[2026-09-27T11:40:02.707Z] [PID: 15828] [32m[NODE-CRON][32m [33m[WARN][0m missed execution at Sun Sep 27 2026 17:55:00 GMT+0700 (Indochina Time)! Possible blocking IO or high CPU user at the same process used by node-cron.
[2026-09-27T11:40:02.708Z] [PID: 15828] [32m[NODE-CRON][32m [33m[WARN][0m missed execution at Sun Sep 27 2026 17:56:00 GMT+0700 (Indochina Time)! Possible blocking IO or high CPU user at the same process used by node-cron.
[2026-09-27T11:40:02.709Z] [PID: 15828] [32m[NODE-CRON][32m [33m[WARN][0m missed execution at Sun Sep 27 2026 17:57:00 GMT+0700 (Indochina Time)! Possible blocking IO or high CPU user at the same process used by node-cron.
[2026-09-27T11:40:02.718Z] [PID: 15828] [32m[NODE-CRON][32m [33m[WARN][0m missed execution at Sun Sep 27 2026 17:58:00 GMT+0700 (Indochina Time)! Possible blocking IO or high CPU user at the same process used by node-cron.
[2026-09-27T11:40:02.719Z] [PID: 15828] [32m[NODE-CRON][32m [33m[WARN][0m missed execution at Sun Sep 27 2026 17:59:00 GMT+0700 (Indochina Time)! Possible blocking IO or high CPU user at the same process used by node-cron.
[2026-09-27T11:40:02.721Z] [PID: 15828] [32m[NODE-CRON][32m [33m[WARN][0m missed execution at Sun Sep 27 2026 18:00:00 GMT+0700 (Indochina Time)! Possible blocking IO or high CPU user at the same process used by node-cron.
[2026-09-27T11:40:02.722Z] [PID: 15828] [32m[NODE-CRON][32m [33m[WARN][0m missed execution at Sun Sep 27 2026 18:01:00 GMT+0700 (Indochina Time)! Possible blocking IO or high CPU user at the same process used by node-cron.
[2026-09-27T11:40:02.723Z] [PID: 15828] [32m[NODE-CRON][32m [33m[WARN][0m missed execution at Sun Sep 27 2026 18:02:00 GMT+0700 (Indochina Time)! Possible blocking IO or high CPU user at the same process used by node-cron.
[2026-09-27T11:40:02.723Z] [PID: 15828] [32m[NODE-CRON][32m [33m[WARN][0m missed execution at Sun Sep 27 2026 18:03:00 GMT+0700 (Indochina Time)! Possible blocking IO or high CPU user at the same process used by node-cron.
[2026-09-27T11:40:02.742Z] [PID: 15828] [32m[NODE-CRON][32m [33m[WARN][0m missed execution at Sun Sep 27 2026 18:04:00 GMT+0700 (Indochina Time)! Possible blocking IO or high CPU user at the same process used by node-cron.
[2026-09-27T11:40:02.745Z] [PID: 15828] [32m[NODE-CRON][32m [33m[WARN][0m missed execution at Sun Sep 27 2026 18:05:00 GMT+0700 (Indochina Time)! Possible blocking IO or high CPU user at the same process used by node-cron.
[2026-09-27T11:40:02.746Z] [PID: 15828] [32m[NODE-CRON][32m [33m[WARN][0m missed execution at Sun Sep 27 2026 18:06:00 GMT+0700 (Indochina Time)! Possible blocking IO or high CPU user at the same process used by node-cron.
[2026-09-27T11:40:02.751Z] [PID: 15828] [32m[NODE-CRON][32m [33m[WARN][0m missed execution at Sun Sep 27 2026 18:07:00 GMT+0700 (Indochina Time)! Possible blocking IO or high CPU user at the same process used by node-cron.
[2026-09-27T11:40:02.755Z] [PID: 15828] [32m[NODE-CRON][32m [33m[WARN][0m missed execution at Sun Sep 27 2026 18:08:00 GMT+0700 (Indochina Time)! Possible blocking IO or high CPU user at the same process used by node-cron.
[2026-09-27T11:40:02.755Z] [PID: 15828] [32m[NODE-CRON][32m [33m[WARN][0m missed execution at Sun Sep 27 2026 18:09:00 GMT+0700 (Indochina Time)! Possible blocking IO or high CPU user at the same process used by node-cron.
[2026-09-27T11:40:02.755Z] [PID: 15828] [32m[NODE-CRON][32m [33m[WARN][0m missed execution at Sun Sep 27 2026 18:10:00 GMT+0700 (Indochina Time)! Possible blocking IO or high CPU user at the same process used by node-cron.
[2026-09-27T11:40:02.758Z] [PID: 15828] [32m[NODE-CRON][32m [33m[WARN][0m missed execution at Sun Sep 27 2026 18:11:00 GMT+0700 (Indochina Time)! Possible blocking IO or high CPU user at the same process used by node-cron.
[2026-09-27T11:40:02.758Z] [PID: 15828] [32m[NODE-CRON][32m [33m[WARN][0m missed execution at Sun Sep 27 2026 18:12:00 GMT+0700 (Indochina Time)! Possible blocking IO or high CPU user at the same process used by node-cron.
[2026-09-27T11:40:02.759Z] [PID: 15828] [32m[NODE-CRON][32m [33m[WARN][0m missed execution at Sun Sep 27 2026 18:13:00 GMT+0700 (Indochina Time)! Possible blocking IO or high CPU user at the same process used by node-cron.
[2026-09-27T11:40:02.760Z] [PID: 15828] [32m[NODE-CRON][32m [33m[WARN][0m missed execution at Sun Sep 27 2026 18:14:00 GMT+0700 (Indochina Time)! Possible blocking IO or high CPU user at the same process used by node-cron.
[2026-09-27T11:40:02.761Z] [PID: 15828] [32m[NODE-CRON][32m [33m[WARN][0m missed execution at Sun Sep 27 2026 18:15:00 GMT+0700 (Indochina Time)! Possible blocking IO or high CPU user at the same process used by node-cron.
[2026-09-27T11:40:02.761Z] [PID: 15828] [32m[NODE-CRON][32m [33m[WARN][0m missed execution at Sun Sep 27 2026 18:16:00 GMT+0700 (Indochina Time)! Possible blocking IO or high CPU user at the same process used by node-cron.
[2026-09-27T11:40:02.762Z] [PID: 15828] [32m[NODE-CRON][32m [33m[WARN][0m missed execution at Sun Sep 27 2026 18:17:00 GMT+0700 (Indochina Time)! Possible blocking IO or high CPU user at the same process used by node-cron.
[2026-09-27T11:40:02.762Z] [PID: 15828] [32m[NODE-CRON][32m [33m[WARN][0m missed execution at Sun Sep 27 2026 18:18:00 GMT+0700 (Indochina Time)! Possible blocking IO or high CPU user at the same process used by node-cron.
[2026-09-27T11:40:02.766Z] [PID: 15828] [32m[NODE-CRON][32m [33m[WARN][0m missed execution at Sun Sep 27 2026 18:19:00 GMT+0700 (Indochina Time)! Possible blocking IO or high CPU user at the same process used by node-cron.
[2026-09-27T11:40:02.767Z] [PID: 15828] [32m[NODE-CRON][32m [33m[WARN][0m missed execution at Sun Sep 27 2026 18:20:00 GMT+0700 (Indochina Time)! Possible blocking IO or high CPU user at the same process used by node-cron.
[2026-09-27T11:40:02.768Z] [PID: 15828] [32m[NODE-CRON][32m [33m[WARN][0m missed execution at Sun Sep 27 2026 18:21:00 GMT+0700 (Indochina Time)! Possible blocking IO or high CPU user at the same process used by node-cron.
[2026-09-27T11:40:02.769Z] [PID: 15828] [32m[NODE-CRON][32m [33m[WARN][0m missed execution at Sun Sep 27 2026 18:22:00 GMT+0700 (Indochina Time)! Possible blocking IO or high CPU user at the same process used by node-cron.
[2026-09-27T11:40:02.769Z] [PID: 15828] [32m[NODE-CRON][32m [33m[WARN][0m missed execution at Sun Sep 27 2026 18:23:00 GMT+0700 (Indochina Time)! Possible blocking IO or high CPU user at the same process used by node-cron.
[2026-09-27T11:40:02.770Z] [PID: 15828] [32m[NODE-CRON][32m [33m[WARN][0m missed execution at Sun Sep 27 2026 18:24:00 GMT+0700 (Indochina Time)! Possible blocking IO or high CPU user at the same process used by node-cron.
[2026-09-27T11:40:02.771Z] [PID: 15828] [32m[NODE-CRON][32m [33m[WARN][0m missed execution at Sun Sep 27 2026 18:25:00 GMT+0700 (Indochina Time)! Possible blocking IO or high CPU user at the same process used by node-cron.
[2026-09-27T11:40:02.771Z] [PID: 15828] [32m[NODE-CRON][32m [33m[WARN][0m missed execution at Sun Sep 27 2026 18:26:00 GMT+0700 (Indochina Time)! Possible blocking IO or high CPU user at the same process used by node-cron.
[2026-09-27T11:40:02.771Z] [PID: 15828] [32m[NODE-CRON][32m [33m[WARN][0m missed execution at Sun Sep 27 2026 18:27:00 GMT+0700 (Indochina Time)! Possible blocking IO or high CPU user at the same process used by node-cron.
[2026-09-27T11:40:02.772Z] [PID: 15828] [32m[NODE-CRON][32m [33m[WARN][0m missed execution at Sun Sep 27 2026 18:28:00 GMT+0700 (Indochina Time)! Possible blocking IO or high CPU user at the same process used by node-cron.
[2026-09-27T11:40:02.772Z] [PID: 15828] [32m[NODE-CRON][32m [33m[WARN][0m missed execution at Sun Sep 27 2026 18:29:00 GMT+0700 (Indochina Time)! Possible blocking IO or high CPU user at the same process used by node-cron.
[2026-09-27T11:40:02.772Z] [PID: 15828] [32m[NODE-CRON][32m [33m[WARN][0m missed execution at Sun Sep 27 2026 18:30:00 GMT+0700 (Indochina Time)! Possible blocking IO or high CPU user at the same process used by node-cron.
[2026-09-27T11:40:02.773Z] [PID: 15828] [32m[NODE-CRON][32m [33m[WARN][0m missed execution at Sun Sep 27 2026 18:31:00 GMT+0700 (Indochina Time)! Possible blocking IO or high CPU user at the same process used by node-cron.
[2026-09-27T11:40:02.774Z] [PID: 15828] [32m[NODE-CRON][32m [33m[WARN][0m missed execution at Sun Sep 27 2026 18:32:00 GMT+0700 (Indochina Time)! Possible blocking IO or high CPU user at the same process used by node-cron.
[2026-09-27T11:40:02.774Z] [PID: 15828] [32m[NODE-CRON][32m [33m[WARN][0m missed execution at Sun Sep 27 2026 18:33:00 GMT+0700 (Indochina Time)! Possible blocking IO or high CPU user at the same process used by node-cron.
[2026-09-27T11:40:02.775Z] [PID: 15828] [32m[NODE-CRON][32m [33m[WARN][0m missed execution at Sun Sep 27 2026 18:34:00 GMT+0700 (Indochina Time)! Possible blocking IO or high CPU user at the same process used by node-cron.
[2026-09-27T11:40:02.776Z] [PID: 15828] [32m[NODE-CRON][32m [33m[WARN][0m missed execution at Sun Sep 27 2026 18:35:00 GMT+0700 (Indochina Time)! Possible blocking IO or high CPU user at the same process used by node-cron.
[2026-09-27T11:40:02.780Z] [PID: 15828] [32m[NODE-CRON][32m [33m[WARN][0m missed execution at Sun Sep 27 2026 18:36:00 GMT+0700 (Indochina Time)! Possible blocking IO or high CPU user at the same process used by node-cron.
[2026-09-27T11:40:02.781Z] [PID: 15828] [32m[NODE-CRON][32m [33m[WARN][0m missed execution at Sun Sep 27 2026 18:37:00 GMT+0700 (Indochina Time)! Possible blocking IO or high CPU user at the same process used by node-cron.
[2026-09-27T11:40:02.783Z] [PID: 15828] [32m[NODE-CRON][32m [33m[WARN][0m missed execution at Sun Sep 27 2026 18:38:00 GMT+0700 (Indochina Time)! Possible blocking IO or high CPU user at the same process used by node-cron.
[2026-09-27T11:40:02.784Z] [PID: 15828] [32m[NODE-CRON][32m [33m[WARN][0m missed execution at Sun Sep 27 2026 18:39:00 GMT+0700 (Indochina Time)! Possible blocking IO or high CPU user at the same process used by node-cron.
[2026-09-27T11:40:02.784Z] [PID: 15828] [32m[NODE-CRON][32m [33m[WARN][0m missed execution at Sun Sep 27 2026 18:40:00 GMT+0700 (Indochina Time)! Possible blocking IO or high CPU user at the same process used by node-cron.
[2026-09-27T11:40:02.806Z] [PID: 15828] [32m[NODE-CRON][32m [33m[WARN][0m missed execution at Sun Sep 27 2026 15:40:00 GMT+0700 (Indochina Time)! Possible blocking IO or high CPU user at the same process used by node-cron.
[2026-09-27T11:40:02.810Z] [PID: 15828] [32m[NODE-CRON][32m [33m[WARN][0m missed execution at Sun Sep 27 2026 15:41:00 GMT+0700 (Indochina Time)! Possible blocking IO or high CPU user at the same process used by node-cron.
[2026-09-27T11:40:02.811Z] [PID: 15828] [32m[NODE-CRON][32m [33m[WARN][0m missed execution at Sun Sep 27 2026 15:42:00 GMT+0700 (Indochina Time)! Possible blocking IO or high CPU user at the same process used by node-cron.
[2026-09-27T11:40:02.812Z] [PID: 15828] [32m[NODE-CRON][32m [33m[WARN][0m missed execution at Sun Sep 27 2026 15:43:00 GMT+0700 (Indochina Time)! Possible blocking IO or high CPU user at the same process used by node-cron.
[2026-09-27T11:40:02.813Z] [PID: 15828] [32m[NODE-CRON][32m [33m[WARN][0m missed execution at Sun Sep 27 2026 15:44:00 GMT+0700 (Indochina Time)! Possible blocking IO or high CPU user at the same process used by node-cron.
[2026-09-27T11:40:02.814Z] [PID: 15828] [32m[NODE-CRON][32m [33m[WARN][0m missed execution at Sun Sep 27 2026 15:45:00 GMT+0700 (Indochina Time)! Possible blocking IO or high CPU user at the same process used by node-cron.
[2026-09-27T11:40:02.814Z] [PID: 15828] [32m[NODE-CRON][32m [33m[WARN][0m missed execution at Sun Sep 27 2026 15:46:00 GMT+0700 (Indochina Time)! Possible blocking IO or high CPU user at the same process used by node-cron.
[2026-09-27T11:40:02.814Z] [PID: 15828] [32m[NODE-CRON][32m [33m[WARN][0m missed execution at Sun Sep 27 2026 15:47:00 GMT+0700 (Indochina Time)! Possible blocking IO or high CPU user at the same process used by node-cron.
[2026-09-27T11:40:02.815Z] [PID: 15828] [32m[NODE-CRON][32m [33m[WARN][0m missed execution at Sun Sep 27 2026 15:48:00 GMT+0700 (Indochina Time)! Possible blocking IO or high CPU user at the same process used by node-cron.
[2026-09-27T11:40:02.815Z] [PID: 15828] [32m[NODE-CRON][32m [33m[WARN][0m missed execution at Sun Sep 27 2026 15:49:00 GMT+0700 (Indochina Time)! Possible blocking IO or high CPU user at the same process used by node-cron.
[2026-09-27T11:40:02.816Z] [PID: 15828] [32m[NODE-CRON][32m [33m[WARN][0m missed execution at Sun Sep 27 2026 15:50:00 GMT+0700 (Indochina Time)! Possible blocking IO or high CPU user at the same process used by node-cron.
[2026-09-27T11:40:02.817Z] [PID: 15828] [32m[NODE-CRON][32m [33m[WARN][0m missed execution at Sun Sep 27 2026 15:51:00 GMT+0700 (Indochina Time)! Possible blocking IO or high CPU user at the same process used by node-cron.
[2026-09-27T11:40:02.817Z] [PID: 15828] [32m[NODE-CRON][32m [33m[WARN][0m missed execution at Sun Sep 27 2026 15:52:00 GMT+0700 (Indochina Time)! Possible blocking IO or high CPU user at the same process used by node-cron.
[2026-09-27T11:40:02.822Z] [PID: 15828] [32m[NODE-CRON][32m [33m[WARN][0m missed execution at Sun Sep 27 2026 15:53:00 GMT+0700 (Indochina Time)! Possible blocking IO or high CPU user at the same process used by node-cron.
[2026-09-27T11:40:02.822Z] [PID: 15828] [32m[NODE-CRON][32m [33m[WARN][0m missed execution at Sun Sep 27 2026 15:54:00 GMT+0700 (Indochina Time)! Possible blocking IO or high CPU user at the same process used by node-cron.
[2026-09-27T11:40:02.822Z] [PID: 15828] [32m[NODE-CRON][32m [33m[WARN][0m missed execution at Sun Sep 27 2026 15:55:00 GMT+0700 (Indochina Time)! Possible blocking IO or high CPU user at the same process used by node-cron.
[2026-09-27T11:40:02.823Z] [PID: 15828] [32m[NODE-CRON][32m [33m[WARN][0m missed execution at Sun Sep 27 2026 15:56:00 GMT+0700 (Indochina Time)! Possible blocking IO or high CPU user at the same process used by node-cron.
[2026-09-27T11:40:02.823Z] [PID: 15828] [32m[NODE-CRON][32m [33m[WARN][0m missed execution at Sun Sep 27 2026 15:57:00 GMT+0700 (Indochina Time)! Possible blocking IO or high CPU user at the same process used by node-cron.
[2026-09-27T11:40:02.823Z] [PID: 15828] [32m[NODE-CRON][32m [33m[WARN][0m missed execution at Sun Sep 27 2026 15:58:00 GMT+0700 (Indochina Time)! Possible blocking IO or high CPU user at the same process used by node-cron.
[2026-09-27T11:40:02.824Z] [PID: 15828] [32m[NODE-CRON][32m [33m[WARN][0m missed execution at Sun Sep 27 2026 15:59:00 GMT+0700 (Indochina Time)! Possible blocking IO or high CPU user at the same process used by node-cron.
[2026-09-27T11:40:02.824Z] [PID: 15828] [32m[NODE-CRON][32m [33m[WARN][0m missed execution at Sun Sep 27 2026 16:00:00 GMT+0700 (Indochina Time)! Possible blocking IO or high CPU user at the same process used by node-cron.
[2026-09-27T11:40:02.824Z] [PID: 15828] [32m[NODE-CRON][32m [33m[WARN][0m missed execution at Sun Sep 27 2026 16:01:00 GMT+0700 (Indochina Time)! Possible blocking IO or high CPU user at the same process used by node-cron.
[2026-09-27T11:40:02.825Z] [PID: 15828] [32m[NODE-CRON][32m [33m[WARN][0m missed execution at Sun Sep 27 2026 16:02:00 GMT+0700 (Indochina Time)! Possible blocking IO or high CPU user at the same process used by node-cron.
[2026-09-27T11:40:02.825Z] [PID: 15828] [32m[NODE-CRON][32m [33m[WARN][0m missed execution at Sun Sep 27 2026 16:03:00 GMT+0700 (Indochina Time)! Possible blocking IO or high CPU user at the same process used by node-cron.
[2026-09-27T11:40:02.825Z] [PID: 15828] [32m[NODE-CRON][32m [33m[WARN][0m missed execution at Sun Sep 27 2026 16:04:00 GMT+0700 (Indochina Time)! Possible blocking IO or high CPU user at the same process used by node-cron.
[2026-09-27T11:40:02.826Z] [PID: 15828] [32m[NODE-CRON][32m [33m[WARN][0m missed execution at Sun Sep 27 2026 16:05:00 GMT+0700 (Indochina Time)! Possible blocking IO or high CPU user at the same process used by node-cron.
[2026-09-27T11:40:02.826Z] [PID: 15828] [32m[NODE-CRON][32m [33m[WARN][0m missed execution at Sun Sep 27 2026 16:06:00 GMT+0700 (Indochina Time)! Possible blocking IO or high CPU user at the same process used by node-cron.
[2026-09-27T11:40:02.826Z] [PID: 15828] [32m[NODE-CRON][32m [33m[WARN][0m missed execution at Sun Sep 27 2026 16:07:00 GMT+0700 (Indochina Time)! Possible blocking IO or high CPU user at the same process used by node-cron.
[2026-09-27T11:40:02.827Z] [PID: 15828] [32m[NODE-CRON][32m [33m[WARN][0m missed execution at Sun Sep 27 2026 16:08:00 GMT+0700 (Indochina Time)! Possible blocking IO or high CPU user at the same process used by node-cron.
[2026-09-27T11:40:02.827Z] [PID: 15828] [32m[NODE-CRON][32m [33m[WARN][0m missed execution at Sun Sep 27 2026 16:09:00 GMT+0700 (Indochina Time)! Possible blocking IO or high CPU user at the same process used by node-cron.
[2026-09-27T11:40:02.827Z] [PID: 15828] [32m[NODE-CRON][32m [33m[WARN][0m missed execution at Sun Sep 27 2026 16:10:00 GMT+0700 (Indochina Time)! Possible blocking IO or high CPU user at the same process used by node-cron.
[2026-09-27T11:40:02.828Z] [PID: 15828] [32m[NODE-CRON][32m [33m[WARN][0m missed execution at Sun Sep 27 2026 16:11:00 GMT+0700 (Indochina Time)! Possible blocking IO or high CPU user at the same process used by node-cron.
[2026-09-27T11:40:02.828Z] [PID: 15828] [32m[NODE-CRON][32m [33m[WARN][0m missed execution at Sun Sep 27 2026 16:12:00 GMT+0700 (Indochina Time)! Possible blocking IO or high CPU user at the same process used by node-cron.
[2026-09-27T11:40:02.828Z] [PID: 15828] [32m[NODE-CRON][32m [33m[WARN][0m missed execution at Sun Sep 27 2026 16:13:00 GMT+0700 (Indochina Time)! Possible blocking IO or high CPU user at the same process used by node-cron.
[2026-09-27T11:40:02.829Z] [PID: 15828] [32m[NODE-CRON][32m [33m[WARN][0m missed execution at Sun Sep 27 2026 16:14:00 GMT+0700 (Indochina Time)! Possible blocking IO or high CPU user at the same process used by node-cron.
[2026-09-27T11:40:02.834Z] [PID: 15828] [32m[NODE-CRON][32m [33m[WARN][0m missed execution at Sun Sep 27 2026 16:15:00 GMT+0700 (Indochina Time)! Possible blocking IO or high CPU user at the same process used by node-cron.
[2026-09-27T11:40:02.834Z] [PID: 15828] [32m[NODE-CRON][32m [33m[WARN][0m missed execution at Sun Sep 27 2026 16:16:00 GMT+0700 (Indochina Time)! Possible blocking IO or high CPU user at the same process used by node-cron.
[2026-09-27T11:40:02.835Z] [PID: 15828] [32m[NODE-CRON][32m [33m[WARN][0m missed execution at Sun Sep 27 2026 16:17:00 GMT+0700 (Indochina Time)! Possible blocking IO or high CPU user at the same process used by node-cron.
[2026-09-27T11:40:02.835Z] [PID: 15828] [32m[NODE-CRON][32m [33m[WARN][0m missed execution at Sun Sep 27 2026 16:18:00 GMT+0700 (Indochina Time)! Possible blocking IO or high CPU user at the same process used by node-cron.
[2026-09-27T11:40:02.835Z] [PID: 15828] [32m[NODE-CRON][32m [33m[WARN][0m missed execution at Sun Sep 27 2026 16:19:00 GMT+0700 (Indochina Time)! Possible blocking IO or high CPU user at the same process used by node-cron.
[2026-09-27T11:40:02.836Z] [PID: 15828] [32m[NODE-CRON][32m [33m[WARN][0m missed execution at Sun Sep 27 2026 16:20:00 GMT+0700 (Indochina Time)! Possible blocking IO or high CPU user at the same process used by node-cron.
[2026-09-27T11:40:02.836Z] [PID: 15828] [32m[NODE-CRON][32m [33m[WARN][0m missed execution at Sun Sep 27 2026 16:21:00 GMT+0700 (Indochina Time)! Possible blocking IO or high CPU user at the same process used by node-cron.
[2026-09-27T11:40:02.836Z] [PID: 15828] [32m[NODE-CRON][32m [33m[WARN][0m missed execution at Sun Sep 27 2026 16:22:00 GMT+0700 (Indochina Time)! Possible blocking IO or high CPU user at the same process used by node-cron.
[2026-09-27T11:40:02.837Z] [PID: 15828] [32m[NODE-CRON][32m [33m[WARN][0m missed execution at Sun Sep 27 2026 16:23:00 GMT+0700 (Indochina Time)! Possible blocking IO or high CPU user at the same process used by node-cron.
[2026-09-27T11:40:02.837Z] [PID: 15828] [32m[NODE-CRON][32m [33m[WARN][0m missed execution at Sun Sep 27 2026 16:24:00 GMT+0700 (Indochina Time)! Possible blocking IO or high CPU user at the same process used by node-cron.
[2026-09-27T11:40:02.837Z] [PID: 15828] [32m[NODE-CRON][32m [33m[WARN][0m missed execution at Sun Sep 27 2026 16:25:00 GMT+0700 (Indochina Time)! Possible blocking IO or high CPU user at the same process used by node-cron.
[2026-09-27T11:40:02.838Z] [PID: 15828] [32m[NODE-CRON][32m [33m[WARN][0m missed execution at Sun Sep 27 2026 16:26:00 GMT+0700 (Indochina Time)! Possible blocking IO or high CPU user at the same process used by node-cron.
[2026-09-27T11:40:02.838Z] [PID: 15828] [32m[NODE-CRON][32m [33m[WARN][0m missed execution at Sun Sep 27 2026 16:27:00 GMT+0700 (Indochina Time)! Possible blocking IO or high CPU user at the same process used by node-cron.
[2026-09-27T11:40:02.838Z] [PID: 15828] [32m[NODE-CRON][32m [33m[WARN][0m missed execution at Sun Sep 27 2026 16:28:00 GMT+0700 (Indochina Time)! Possible blocking IO or high CPU user at the same process used by node-cron.
[2026-09-27T11:40:02.839Z] [PID: 15828] [32m[NODE-CRON][32m [33m[WARN][0m missed execution at Sun Sep 27 2026 16:29:00 GMT+0700 (Indochina Time)! Possible blocking IO or high CPU user at the same process used by node-cron.
[2026-09-27T11:40:02.839Z] [PID: 15828] [32m[NODE-CRON][32m [33m[WARN][0m missed execution at Sun Sep 27 2026 16:30:00 GMT+0700 (Indochina Time)! Possible blocking IO or high CPU user at the same process used by node-cron.
[2026-09-27T11:40:02.839Z] [PID: 15828] [32m[NODE-CRON][32m [33m[WARN][0m missed execution at Sun Sep 27 2026 16:31:00 GMT+0700 (Indochina Time)! Possible blocking IO or high CPU user at the same process used by node-cron.
[2026-09-27T11:40:02.844Z] [PID: 15828] [32m[NODE-CRON][32m [33m[WARN][0m missed execution at Sun Sep 27 2026 16:32:00 GMT+0700 (Indochina Time)! Possible blocking IO or high CPU user at the same process used by node-cron.
[2026-09-27T11:40:02.845Z] [PID: 15828] [32m[NODE-CRON][32m [33m[WARN][0m missed execution at Sun Sep 27 2026 16:33:00 GMT+0700 (Indochina Time)! Possible blocking IO or high CPU user at the same process used by node-cron.
[2026-09-27T11:40:02.846Z] [PID: 15828] [32m[NODE-CRON][32m [33m[WARN][0m missed execution at Sun Sep 27 2026 16:34:00 GMT+0700 (Indochina Time)! Possible blocking IO or high CPU user at the same process used by node-cron.
[2026-09-27T11:40:02.847Z] [PID: 15828] [32m[NODE-CRON][32m [33m[WARN][0m missed execution at Sun Sep 27 2026 16:35:00 GMT+0700 (Indochina Time)! Possible blocking IO or high CPU user at the same process used by node-cron.
[2026-09-27T11:40:02.848Z] [PID: 15828] [32m[NODE-CRON][32m [33m[WARN][0m missed execution at Sun Sep 27 2026 16:36:00 GMT+0700 (Indochina Time)! Possible blocking IO or high CPU user at the same process used by node-cron.
[2026-09-27T11:40:02.850Z] [PID: 15828] [32m[NODE-CRON][32m [33m[WARN][0m missed execution at Sun Sep 27 2026 16:37:00 GMT+0700 (Indochina Time)! Possible blocking IO or high CPU user at the same process used by node-cron.
[2026-09-27T11:40:02.855Z] [PID: 15828] [32m[NODE-CRON][32m [33m[WARN][0m missed execution at Sun Sep 27 2026 16:38:00 GMT+0700 (Indochina Time)! Possible blocking IO or high CPU user at the same process used by node-cron.
[2026-09-27T11:40:02.856Z] [PID: 15828] [32m[NODE-CRON][32m [33m[WARN][0m missed execution at Sun Sep 27 2026 16:39:00 GMT+0700 (Indochina Time)! Possible blocking IO or high CPU user at the same process used by node-cron.
[2026-09-27T11:40:02.857Z] [PID: 15828] [32m[NODE-CRON][32m [33m[WARN][0m missed execution at Sun Sep 27 2026 16:40:00 GMT+0700 (Indochina Time)! Possible blocking IO or high CPU user at the same process used by node-cron.
[2026-09-27T11:40:02.858Z] [PID: 15828] [32m[NODE-CRON][32m [33m[WARN][0m missed execution at Sun Sep 27 2026 16:41:00 GMT+0700 (Indochina Time)! Possible blocking IO or high CPU user at the same process used by node-cron.
[2026-09-27T11:40:02.859Z] [PID: 15828] [32m[NODE-CRON][32m [33m[WARN][0m missed execution at Sun Sep 27 2026 16:42:00 GMT+0700 (Indochina Time)! Possible blocking IO or high CPU user at the same process used by node-cron.
[2026-09-27T11:40:02.865Z] [PID: 15828] [32m[NODE-CRON][32m [33m[WARN][0m missed execution at Sun Sep 27 2026 16:43:00 GMT+0700 (Indochina Time)! Possible blocking IO or high CPU user at the same process used by node-cron.
[2026-09-27T11:40:02.865Z] [PID: 15828] [32m[NODE-CRON][32m [33m[WARN][0m missed execution at Sun Sep 27 2026 16:44:00 GMT+0700 (Indochina Time)! Possible blocking IO or high CPU user at the same process used by node-cron.
[2026-09-27T11:40:02.867Z] [PID: 15828] [32m[NODE-CRON][32m [33m[WARN][0m missed execution at Sun Sep 27 2026 16:45:00 GMT+0700 (Indochina Time)! Possible blocking IO or high CPU user at the same process used by node-cron.
[2026-09-27T11:40:02.867Z] [PID: 15828] [32m[NODE-CRON][32m [33m[WARN][0m missed execution at Sun Sep 27 2026 16:46:00 GMT+0700 (Indochina Time)! Possible blocking IO or high CPU user at the same process used by node-cron.
[2026-09-27T11:40:02.868Z] [PID: 15828] [32m[NODE-CRON][32m [33m[WARN][0m missed execution at Sun Sep 27 2026 16:47:00 GMT+0700 (Indochina Time)! Possible blocking IO or high CPU user at the same process used by node-cron.
[2026-09-27T11:40:02.869Z] [PID: 15828] [32m[NODE-CRON][32m [33m[WARN][0m missed execution at Sun Sep 27 2026 16:48:00 GMT+0700 (Indochina Time)! Possible blocking IO or high CPU user at the same process used by node-cron.
[2026-09-27T11:40:02.871Z] [PID: 15828] [32m[NODE-CRON][32m [33m[WARN][0m missed execution at Sun Sep 27 2026 16:49:00 GMT+0700 (Indochina Time)! Possible blocking IO or high CPU user at the same process used by node-cron.
[2026-09-27T11:40:02.872Z] [PID: 15828] [32m[NODE-CRON][32m [33m[WARN][0m missed execution at Sun Sep 27 2026 16:50:00 GMT+0700 (Indochina Time)! Possible blocking IO or high CPU user at the same process used by node-cron.
[2026-09-27T11:40:02.874Z] [PID: 15828] [32m[NODE-CRON][32m [33m[WARN][0m missed execution at Sun Sep 27 2026 16:51:00 GMT+0700 (Indochina Time)! Possible blocking IO or high CPU user at the same process used by node-cron.
[2026-09-27T11:40:02.875Z] [PID: 15828] [32m[NODE-CRON][32m [33m[WARN][0m missed execution at Sun Sep 27 2026 16:52:00 GMT+0700 (Indochina Time)! Possible blocking IO or high CPU user at the same process used by node-cron.
[2026-09-27T11:40:02.877Z] [PID: 15828] [32m[NODE-CRON][32m [33m[WARN][0m missed execution at Sun Sep 27 2026 16:53:00 GMT+0700 (Indochina Time)! Possible blocking IO or high CPU user at the same process used by node-cron.
[2026-09-27T11:40:02.877Z] [PID: 15828] [32m[NODE-CRON][32m [33m[WARN][0m missed execution at Sun Sep 27 2026 16:54:00 GMT+0700 (Indochina Time)! Possible blocking IO or high CPU user at the same process used by node-cron.
[2026-09-27T11:40:02.878Z] [PID: 15828] [32m[NODE-CRON][32m [33m[WARN][0m missed execution at Sun Sep 27 2026 16:55:00 GMT+0700 (Indochina Time)! Possible blocking IO or high CPU user at the same process used by node-cron.
[2026-09-27T11:40:02.880Z] [PID: 15828] [32m[NODE-CRON][32m [33m[WARN][0m missed execution at Sun Sep 27 2026 16:56:00 GMT+0700 (Indochina Time)! Possible blocking IO or high CPU user at the same process used by node-cron.
[2026-09-27T11:40:02.881Z] [PID: 15828] [32m[NODE-CRON][32m [33m[WARN][0m missed execution at Sun Sep 27 2026 16:57:00 GMT+0700 (Indochina Time)! Possible blocking IO or high CPU user at the same process used by node-cron.
[2026-09-27T11:40:02.883Z] [PID: 15828] [32m[NODE-CRON][32m [33m[WARN][0m missed execution at Sun Sep 27 2026 16:58:00 GMT+0700 (Indochina Time)! Possible blocking IO or high CPU user at the same process used by node-cron.
[2026-09-27T11:40:02.885Z] [PID: 15828] [32m[NODE-CRON][32m [33m[WARN][0m missed execution at Sun Sep 27 2026 16:59:00 GMT+0700 (Indochina Time)! Possible blocking IO or high CPU user at the same process used by node-cron.
[2026-09-27T11:40:02.886Z] [PID: 15828] [32m[NODE-CRON][32m [33m[WARN][0m missed execution at Sun Sep 27 2026 17:00:00 GMT+0700 (Indochina Time)! Possible blocking IO or high CPU user at the same process used by node-cron.
[2026-09-27T11:40:02.888Z] [PID: 15828] [32m[NODE-CRON][32m [33m[WARN][0m missed execution at Sun Sep 27 2026 17:01:00 GMT+0700 (Indochina Time)! Possible blocking IO or high CPU user at the same process used by node-cron.
[2026-09-27T11:40:02.889Z] [PID: 15828] [32m[NODE-CRON][32m [33m[WARN][0m missed execution at Sun Sep 27 2026 17:02:00 GMT+0700 (Indochina Time)! Possible blocking IO or high CPU user at the same process used by node-cron.
[2026-09-27T11:40:02.891Z] [PID: 15828] [32m[NODE-CRON][32m [33m[WARN][0m missed execution at Sun Sep 27 2026 17:03:00 GMT+0700 (Indochina Time)! Possible blocking IO or high CPU user at the same process used by node-cron.
[2026-09-27T11:40:02.893Z] [PID: 15828] [32m[NODE-CRON][32m [33m[WARN][0m missed execution at Sun Sep 27 2026 17:04:00 GMT+0700 (Indochina Time)! Possible blocking IO or high CPU user at the same process used by node-cron.
[2026-09-27T11:40:02.894Z] [PID: 15828] [32m[NODE-CRON][32m [33m[WARN][0m missed execution at Sun Sep 27 2026 17:05:00 GMT+0700 (Indochina Time)! Possible blocking IO or high CPU user at the same process used by node-cron.
[2026-09-27T11:40:02.894Z] [PID: 15828] [32m[NODE-CRON][32m [33m[WARN][0m missed execution at Sun Sep 27 2026 17:06:00 GMT+0700 (Indochina Time)! Possible blocking IO or high CPU user at the same process used by node-cron.
[2026-09-27T11:40:02.895Z] [PID: 15828] [32m[NODE-CRON][32m [33m[WARN][0m missed execution at Sun Sep 27 2026 17:07:00 GMT+0700 (Indochina Time)! Possible blocking IO or high CPU user at the same process used by node-cron.
[2026-09-27T11:40:02.896Z] [PID: 15828] [32m[NODE-CRON][32m [33m[WARN][0m missed execution at Sun Sep 27 2026 17:08:00 GMT+0700 (Indochina Time)! Possible blocking IO or high CPU user at the same process used by node-cron.
[2026-09-27T11:40:02.897Z] [PID: 15828] [32m[NODE-CRON][32m [33m[WARN][0m missed execution at Sun Sep 27 2026 17:09:00 GMT+0700 (Indochina Time)! Possible blocking IO or high CPU user at the same process used by node-cron.
[2026-09-27T11:40:02.898Z] [PID: 15828] [32m[NODE-CRON][32m [33m[WARN][0m missed execution at Sun Sep 27 2026 17:10:00 GMT+0700 (Indochina Time)! Possible blocking IO or high CPU user at the same process used by node-cron.
[2026-09-27T11:40:02.900Z] [PID: 15828] [32m[NODE-CRON][32m [33m[WARN][0m missed execution at Sun Sep 27 2026 17:11:00 GMT+0700 (Indochina Time)! Possible blocking IO or high CPU user at the same process used by node-cron.
[2026-09-27T11:40:02.901Z] [PID: 15828] [32m[NODE-CRON][32m [33m[WARN][0m missed execution at Sun Sep 27 2026 17:12:00 GMT+0700 (Indochina Time)! Possible blocking IO or high CPU user at the same process used by node-cron.
[2026-09-27T11:40:02.902Z] [PID: 15828] [32m[NODE-CRON][32m [33m[WARN][0m missed execution at Sun Sep 27 2026 17:13:00 GMT+0700 (Indochina Time)! Possible blocking IO or high CPU user at the same process used by node-cron.
[2026-09-27T11:40:02.904Z] [PID: 15828] [32m[NODE-CRON][32m [33m[WARN][0m missed execution at Sun Sep 27 2026 17:14:00 GMT+0700 (Indochina Time)! Possible blocking IO or high CPU user at the same process used by node-cron.
[2026-09-27T11:40:02.906Z] [PID: 15828] [32m[NODE-CRON][32m [33m[WARN][0m missed execution at Sun Sep 27 2026 17:15:00 GMT+0700 (Indochina Time)! Possible blocking IO or high CPU user at the same process used by node-cron.
[2026-09-27T11:40:02.907Z] [PID: 15828] [32m[NODE-CRON][32m [33m[WARN][0m missed execution at Sun Sep 27 2026 17:16:00 GMT+0700 (Indochina Time)! Possible blocking IO or high CPU user at the same process used by node-cron.
[2026-09-27T11:40:02.908Z] [PID: 15828] [32m[NODE-CRON][32m [33m[WARN][0m missed execution at Sun Sep 27 2026 17:17:00 GMT+0700 (Indochina Time)! Possible blocking IO or high CPU user at the same process used by node-cron.
[2026-09-27T11:40:02.910Z] [PID: 15828] [32m[NODE-CRON][32m [33m[WARN][0m missed execution at Sun Sep 27 2026 17:18:00 GMT+0700 (Indochina Time)! Possible blocking IO or high CPU user at the same process used by node-cron.
[2026-09-27T11:40:02.911Z] [PID: 15828] [32m[NODE-CRON][32m [33m[WARN][0m missed execution at Sun Sep 27 2026 17:19:00 GMT+0700 (Indochina Time)! Possible blocking IO or high CPU user at the same process used by node-cron.
[2026-09-27T11:40:02.912Z] [PID: 15828] [32m[NODE-CRON][32m [33m[WARN][0m missed execution at Sun Sep 27 2026 17:20:00 GMT+0700 (Indochina Time)! Possible blocking IO or high CPU user at the same process used by node-cron.
[2026-09-27T11:40:02.913Z] [PID: 15828] [32m[NODE-CRON][32m [33m[WARN][0m missed execution at Sun Sep 27 2026 17:21:00 GMT+0700 (Indochina Time)! Possible blocking IO or high CPU user at the same process used by node-cron.
[2026-09-27T11:40:02.914Z] [PID: 15828] [32m[NODE-CRON][32m [33m[WARN][0m missed execution at Sun Sep 27 2026 17:22:00 GMT+0700 (Indochina Time)! Possible blocking IO or high CPU user at the same process used by node-cron.
[2026-09-27T11:40:02.914Z] [PID: 15828] [32m[NODE-CRON][32m [33m[WARN][0m missed execution at Sun Sep 27 2026 17:23:00 GMT+0700 (Indochina Time)! Possible blocking IO or high CPU user at the same process used by node-cron.
[2026-09-27T11:40:02.916Z] [PID: 15828] [32m[NODE-CRON][32m [33m[WARN][0m missed execution at Sun Sep 27 2026 17:24:00 GMT+0700 (Indochina Time)! Possible blocking IO or high CPU user at the same process used by node-cron.
[2026-09-27T11:40:02.917Z] [PID: 15828] [32m[NODE-CRON][32m [33m[WARN][0m missed execution at Sun Sep 27 2026 17:25:00 GMT+0700 (Indochina Time)! Possible blocking IO or high CPU user at the same process used by node-cron.
[2026-09-27T11:40:02.919Z] [PID: 15828] [32m[NODE-CRON][32m [33m[WARN][0m missed execution at Sun Sep 27 2026 17:26:00 GMT+0700 (Indochina Time)! Possible blocking IO or high CPU user at the same process used by node-cron.
[2026-09-27T11:40:02.920Z] [PID: 15828] [32m[NODE-CRON][32m [33m[WARN][0m missed execution at Sun Sep 27 2026 17:27:00 GMT+0700 (Indochina Time)! Possible blocking IO or high CPU user at the same process used by node-cron.
[2026-09-27T11:40:02.921Z] [PID: 15828] [32m[NODE-CRON][32m [33m[WARN][0m missed execution at Sun Sep 27 2026 17:28:00 GMT+0700 (Indochina Time)! Possible blocking IO or high CPU user at the same process used by node-cron.
[2026-09-27T11:40:02.921Z] [PID: 15828] [32m[NODE-CRON][32m [33m[WARN][0m missed execution at Sun Sep 27 2026 17:29:00 GMT+0700 (Indochina Time)! Possible blocking IO or high CPU user at the same process used by node-cron.
[2026-09-27T11:40:02.922Z] [PID: 15828] [32m[NODE-CRON][32m [33m[WARN][0m missed execution at Sun Sep 27 2026 17:30:00 GMT+0700 (Indochina Time)! Possible blocking IO or high CPU user at the same process used by node-cron.
[2026-09-27T11:40:02.922Z] [PID: 15828] [32m[NODE-CRON][32m [33m[WARN][0m missed execution at Sun Sep 27 2026 17:31:00 GMT+0700 (Indochina Time)! Possible blocking IO or high CPU user at the same process used by node-cron.
[2026-09-27T11:40:02.924Z] [PID: 15828] [32m[NODE-CRON][32m [33m[WARN][0m missed execution at Sun Sep 27 2026 17:32:00 GMT+0700 (Indochina Time)! Possible blocking IO or high CPU user at the same process used by node-cron.
[2026-09-27T11:40:02.925Z] [PID: 15828] [32m[NODE-CRON][32m [33m[WARN][0m missed execution at Sun Sep 27 2026 17:33:00 GMT+0700 (Indochina Time)! Possible blocking IO or high CPU user at the same process used by node-cron.
[2026-09-27T11:40:02.926Z] [PID: 15828] [32m[NODE-CRON][32m [33m[WARN][0m missed execution at Sun Sep 27 2026 17:34:00 GMT+0700 (Indochina Time)! Possible blocking IO or high CPU user at the same process used by node-cron.
[2026-09-27T11:40:02.927Z] [PID: 15828] [32m[NODE-CRON][32m [33m[WARN][0m missed execution at Sun Sep 27 2026 17:35:00 GMT+0700 (Indochina Time)! Possible blocking IO or high CPU user at the same process used by node-cron.
[2026-09-27T11:40:02.928Z] [PID: 15828] [32m[NODE-CRON][32m [33m[WARN][0m missed execution at Sun Sep 27 2026 17:36:00 GMT+0700 (Indochina Time)! Possible blocking IO or high CPU user at the same process used by node-cron.
[2026-09-27T11:40:02.928Z] [PID: 15828] [32m[NODE-CRON][32m [33m[WARN][0m missed execution at Sun Sep 27 2026 17:37:00 GMT+0700 (Indochina Time)! Possible blocking IO or high CPU user at the same process used by node-cron.
[2026-09-27T11:40:02.929Z] [PID: 15828] [32m[NODE-CRON][32m [33m[WARN][0m missed execution at Sun Sep 27 2026 17:38:00 GMT+0700 (Indochina Time)! Possible blocking IO or high CPU user at the same process used by node-cron.
[2026-09-27T11:40:02.930Z] [PID: 15828] [32m[NODE-CRON][32m [33m[WARN][0m missed execution at Sun Sep 27 2026 17:39:00 GMT+0700 (Indochina Time)! Possible blocking IO or high CPU user at the same process used by node-cron.
[2026-09-27T11:40:02.931Z] [PID: 15828] [32m[NODE-CRON][32m [33m[WARN][0m missed execution at Sun Sep 27 2026 17:40:00 GMT+0700 (Indochina Time)! Possible blocking IO or high CPU user at the same process used by node-cron.
[2026-09-27T11:40:02.931Z] [PID: 15828] [32m[NODE-CRON][32m [33m[WARN][0m missed execution at Sun Sep 27 2026 17:41:00 GMT+0700 (Indochina Time)! Possible blocking IO or high CPU user at the same process used by node-cron.
[2026-09-27T11:40:02.932Z] [PID: 15828] [32m[NODE-CRON][32m [33m[WARN][0m missed execution at Sun Sep 27 2026 17:42:00 GMT+0700 (Indochina Time)! Possible blocking IO or high CPU user at the same process used by node-cron.
[2026-09-27T11:40:02.933Z] [PID: 15828] [32m[NODE-CRON][32m [33m[WARN][0m missed execution at Sun Sep 27 2026 17:43:00 GMT+0700 (Indochina Time)! Possible blocking IO or high CPU user at the same process used by node-cron.
[2026-09-27T11:40:02.935Z] [PID: 15828] [32m[NODE-CRON][32m [33m[WARN][0m missed execution at Sun Sep 27 2026 17:44:00 GMT+0700 (Indochina Time)! Possible blocking IO or high CPU user at the same process used by node-cron.
[2026-09-27T11:40:02.935Z] [PID: 15828] [32m[NODE-CRON][32m [33m[WARN][0m missed execution at Sun Sep 27 2026 17:45:00 GMT+0700 (Indochina Time)! Possible blocking IO or high CPU user at the same process used by node-cron.
[2026-09-27T11:40:02.936Z] [PID: 15828] [32m[NODE-CRON][32m [33m[WARN][0m missed execution at Sun Sep 27 2026 17:46:00 GMT+0700 (Indochina Time)! Possible blocking IO or high CPU user at the same process used by node-cron.
[2026-09-27T11:40:02.936Z] [PID: 15828] [32m[NODE-CRON][32m [33m[WARN][0m missed execution at Sun Sep 27 2026 17:47:00 GMT+0700 (Indochina Time)! Possible blocking IO or high CPU user at the same process used by node-cron.
[2026-09-27T11:40:02.937Z] [PID: 15828] [32m[NODE-CRON][32m [33m[WARN][0m missed execution at Sun Sep 27 2026 17:48:00 GMT+0700 (Indochina Time)! Possible blocking IO or high CPU user at the same process used by node-cron.
[2026-09-27T11:40:02.937Z] [PID: 15828] [32m[NODE-CRON][32m [33m[WARN][0m missed execution at Sun Sep 27 2026 17:49:00 GMT+0700 (Indochina Time)! Possible blocking IO or high CPU user at the same process used by node-cron.
[2026-09-27T11:40:02.937Z] [PID: 15828] [32m[NODE-CRON][32m [33m[WARN][0m missed execution at Sun Sep 27 2026 17:50:00 GMT+0700 (Indochina Time)! Possible blocking IO or high CPU user at the same process used by node-cron.
[2026-09-27T11:40:02.938Z] [PID: 15828] [32m[NODE-CRON][32m [33m[WARN][0m missed execution at Sun Sep 27 2026 17:51:00 GMT+0700 (Indochina Time)! Possible blocking IO or high CPU user at the same process used by node-cron.
[2026-09-27T11:40:02.938Z] [PID: 15828] [32m[NODE-CRON][32m [33m[WARN][0m missed execution at Sun Sep 27 2026 17:52:00 GMT+0700 (Indochina Time)! Possible blocking IO or high CPU user at the same process used by node-cron.
[2026-09-27T11:40:02.938Z] [PID: 15828] [32m[NODE-CRON][32m [33m[WARN][0m missed execution at Sun Sep 27 2026 17:53:00 GMT+0700 (Indochina Time)! Possible blocking IO or high CPU user at the same process used by node-cron.
[2026-09-27T11:40:02.939Z] [PID: 15828] [32m[NODE-CRON][32m [33m[WARN][0m missed execution at Sun Sep 27 2026 17:54:00 GMT+0700 (Indochina Time)! Possible blocking IO or high CPU user at the same process used by node-cron.
[2026-09-27T11:40:02.939Z] [PID: 15828] [32m[NODE-CRON][32m [33m[WARN][0m missed execution at Sun Sep 27 2026 17:55:00 GMT+0700 (Indochina Time)! Possible blocking IO or high CPU user at the same process used by node-cron.
[2026-09-27T11:40:02.940Z] [PID: 15828] [32m[NODE-CRON][32m [33m[WARN][0m missed execution at Sun Sep 27 2026 17:56:00 GMT+0700 (Indochina Time)! Possible blocking IO or high CPU user at the same process used by node-cron.
[2026-09-27T11:40:02.940Z] [PID: 15828] [32m[NODE-CRON][32m [33m[WARN][0m missed execution at Sun Sep 27 2026 17:57:00 GMT+0700 (Indochina Time)! Possible blocking IO or high CPU user at the same process used by node-cron.
[2026-09-27T11:40:02.940Z] [PID: 15828] [32m[NODE-CRON][32m [33m[WARN][0m missed execution at Sun Sep 27 2026 17:58:00 GMT+0700 (Indochina Time)! Possible blocking IO or high CPU user at the same process used by node-cron.
[2026-09-27T11:40:02.941Z] [PID: 15828] [32m[NODE-CRON][32m [33m[WARN][0m missed execution at Sun Sep 27 2026 17:59:00 GMT+0700 (Indochina Time)! Possible blocking IO or high CPU user at the same process used by node-cron.
[2026-09-27T11:40:02.941Z] [PID: 15828] [32m[NODE-CRON][32m [33m[WARN][0m missed execution at Sun Sep 27 2026 18:00:00 GMT+0700 (Indochina Time)! Possible blocking IO or high CPU user at the same process used by node-cron.
[2026-09-27T11:40:02.941Z] [PID: 15828] [32m[NODE-CRON][32m [33m[WARN][0m missed execution at Sun Sep 27 2026 18:01:00 GMT+0700 (Indochina Time)! Possible blocking IO or high CPU user at the same process used by node-cron.
[2026-09-27T11:40:02.942Z] [PID: 15828] [32m[NODE-CRON][32m [33m[WARN][0m missed execution at Sun Sep 27 2026 18:02:00 GMT+0700 (Indochina Time)! Possible blocking IO or high CPU user at the same process used by node-cron.
[2026-09-27T11:40:02.942Z] [PID: 15828] [32m[NODE-CRON][32m [33m[WARN][0m missed execution at Sun Sep 27 2026 18:03:00 GMT+0700 (Indochina Time)! Possible blocking IO or high CPU user at the same process used by node-cron.
[2026-09-27T11:40:02.942Z] [PID: 15828] [32m[NODE-CRON][32m [33m[WARN][0m missed execution at Sun Sep 27 2026 18:04:00 GMT+0700 (Indochina Time)! Possible blocking IO or high CPU user at the same process used by node-cron.
[2026-09-27T11:40:02.943Z] [PID: 15828] [32m[NODE-CRON][32m [33m[WARN][0m missed execution at Sun Sep 27 2026 18:05:00 GMT+0700 (Indochina Time)! Possible blocking IO or high CPU user at the same process used by node-cron.
[2026-09-27T11:40:02.943Z] [PID: 15828] [32m[NODE-CRON][32m [33m[WARN][0m missed execution at Sun Sep 27 2026 18:06:00 GMT+0700 (Indochina Time)! Possible blocking IO or high CPU user at the same process used by node-cron.
[2026-09-27T11:40:02.944Z] [PID: 15828] [32m[NODE-CRON][32m [33m[WARN][0m missed execution at Sun Sep 27 2026 18:07:00 GMT+0700 (Indochina Time)! Possible blocking IO or high CPU user at the same process used by node-cron.
[2026-09-27T11:40:02.945Z] [PID: 15828] [32m[NODE-CRON][32m [33m[WARN][0m missed execution at Sun Sep 27 2026 18:08:00 GMT+0700 (Indochina Time)! Possible blocking IO or high CPU user at the same process used by node-cron.
[2026-09-27T11:40:02.945Z] [PID: 15828] [32m[NODE-CRON][32m [33m[WARN][0m missed execution at Sun Sep 27 2026 18:09:00 GMT+0700 (Indochina Time)! Possible blocking IO or high CPU user at the same process used by node-cron.
[2026-09-27T11:40:02.945Z] [PID: 15828] [32m[NODE-CRON][32m [33m[WARN][0m missed execution at Sun Sep 27 2026 18:10:00 GMT+0700 (Indochina Time)! Possible blocking IO or high CPU user at the same process used by node-cron.
[2026-09-27T11:40:02.946Z] [PID: 15828] [32m[NODE-CRON][32m [33m[WARN][0m missed execution at Sun Sep 27 2026 18:11:00 GMT+0700 (Indochina Time)! Possible blocking IO or high CPU user at the same process used by node-cron.
[2026-09-27T11:40:02.947Z] [PID: 15828] [32m[NODE-CRON][32m [33m[WARN][0m missed execution at Sun Sep 27 2026 18:12:00 GMT+0700 (Indochina Time)! Possible blocking IO or high CPU user at the same process used by node-cron.
[2026-09-27T11:40:02.947Z] [PID: 15828] [32m[NODE-CRON][32m [33m[WARN][0m missed execution at Sun Sep 27 2026 18:13:00 GMT+0700 (Indochina Time)! Possible blocking IO or high CPU user at the same process used by node-cron.
[2026-09-27T11:40:02.947Z] [PID: 15828] [32m[NODE-CRON][32m [33m[WARN][0m missed execution at Sun Sep 27 2026 18:14:00 GMT+0700 (Indochina Time)! Possible blocking IO or high CPU user at the same process used by node-cron.
[2026-09-27T11:40:02.948Z] [PID: 15828] [32m[NODE-CRON][32m [33m[WARN][0m missed execution at Sun Sep 27 2026 18:15:00 GMT+0700 (Indochina Time)! Possible blocking IO or high CPU user at the same process used by node-cron.
[2026-09-27T11:40:02.948Z] [PID: 15828] [32m[NODE-CRON][32m [33m[WARN][0m missed execution at Sun Sep 27 2026 18:16:00 GMT+0700 (Indochina Time)! Possible blocking IO or high CPU user at the same process used by node-cron.
[2026-09-27T11:40:02.949Z] [PID: 15828] [32m[NODE-CRON][32m [33m[WARN][0m missed execution at Sun Sep 27 2026 18:17:00 GMT+0700 (Indochina Time)! Possible blocking IO or high CPU user at the same process used by node-cron.
[2026-09-27T11:40:02.949Z] [PID: 15828] [32m[NODE-CRON][32m [33m[WARN][0m missed execution at Sun Sep 27 2026 18:18:00 GMT+0700 (Indochina Time)! Possible blocking IO or high CPU user at the same process used by node-cron.
[2026-09-27T11:40:02.950Z] [PID: 15828] [32m[NODE-CRON][32m [33m[WARN][0m missed execution at Sun Sep 27 2026 18:19:00 GMT+0700 (Indochina Time)! Possible blocking IO or high CPU user at the same process used by node-cron.
[2026-09-27T11:40:02.950Z] [PID: 15828] [32m[NODE-CRON][32m [33m[WARN][0m missed execution at Sun Sep 27 2026 18:20:00 GMT+0700 (Indochina Time)! Possible blocking IO or high CPU user at the same process used by node-cron.
[2026-09-27T11:40:02.950Z] [PID: 15828] [32m[NODE-CRON][32m [33m[WARN][0m missed execution at Sun Sep 27 2026 18:21:00 GMT+0700 (Indochina Time)! Possible blocking IO or high CPU user at the same process used by node-cron.
[2026-09-27T11:40:02.951Z] [PID: 15828] [32m[NODE-CRON][32m [33m[WARN][0m missed execution at Sun Sep 27 2026 18:22:00 GMT+0700 (Indochina Time)! Possible blocking IO or high CPU user at the same process used by node-cron.
[2026-09-27T11:40:02.951Z] [PID: 15828] [32m[NODE-CRON][32m [33m[WARN][0m missed execution at Sun Sep 27 2026 18:23:00 GMT+0700 (Indochina Time)! Possible blocking IO or high CPU user at the same process used by node-cron.
[2026-09-27T11:40:02.952Z] [PID: 15828] [32m[NODE-CRON][32m [33m[WARN][0m missed execution at Sun Sep 27 2026 18:24:00 GMT+0700 (Indochina Time)! Possible blocking IO or high CPU user at the same process used by node-cron.
[2026-09-27T11:40:02.952Z] [PID: 15828] [32m[NODE-CRON][32m [33m[WARN][0m missed execution at Sun Sep 27 2026 18:25:00 GMT+0700 (Indochina Time)! Possible blocking IO or high CPU user at the same process used by node-cron.
[2026-09-27T11:40:02.952Z] [PID: 15828] [32m[NODE-CRON][32m [33m[WARN][0m missed execution at Sun Sep 27 2026 18:26:00 GMT+0700 (Indochina Time)! Possible blocking IO or high CPU user at the same process used by node-cron.
[2026-09-27T11:40:02.953Z] [PID: 15828] [32m[NODE-CRON][32m [33m[WARN][0m missed execution at Sun Sep 27 2026 18:27:00 GMT+0700 (Indochina Time)! Possible blocking IO or high CPU user at the same process used by node-cron.
[2026-09-27T11:40:02.953Z] [PID: 15828] [32m[NODE-CRON][32m [33m[WARN][0m missed execution at Sun Sep 27 2026 18:28:00 GMT+0700 (Indochina Time)! Possible blocking IO or high CPU user at the same process used by node-cron.
[2026-09-27T11:40:02.953Z] [PID: 15828] [32m[NODE-CRON][32m [33m[WARN][0m missed execution at Sun Sep 27 2026 18:29:00 GMT+0700 (Indochina Time)! Possible blocking IO or high CPU user at the same process used by node-cron.
[2026-09-27T11:40:02.953Z] [PID: 15828] [32m[NODE-CRON][32m [33m[WARN][0m missed execution at Sun Sep 27 2026 18:30:00 GMT+0700 (Indochina Time)! Possible blocking IO or high CPU user at the same process used by node-cron.
[2026-09-27T11:40:02.954Z] [PID: 15828] [32m[NODE-CRON][32m [33m[WARN][0m missed execution at Sun Sep 27 2026 18:31:00 GMT+0700 (Indochina Time)! Possible blocking IO or high CPU user at the same process used by node-cron.
[2026-09-27T11:40:02.954Z] [PID: 15828] [32m[NODE-CRON][32m [33m[WARN][0m missed execution at Sun Sep 27 2026 18:32:00 GMT+0700 (Indochina Time)! Possible blocking IO or high CPU user at the same process used by node-cron.
[2026-09-27T11:40:02.954Z] [PID: 15828] [32m[NODE-CRON][32m [33m[WARN][0m missed execution at Sun Sep 27 2026 18:33:00 GMT+0700 (Indochina Time)! Possible blocking IO or high CPU user at the same process used by node-cron.
[2026-09-27T11:40:02.955Z] [PID: 15828] [32m[NODE-CRON][32m [33m[WARN][0m missed execution at Sun Sep 27 2026 18:34:00 GMT+0700 (Indochina Time)! Possible blocking IO or high CPU user at the same process used by node-cron.
[2026-09-27T11:40:02.955Z] [PID: 15828] [32m[NODE-CRON][32m [33m[WARN][0m missed execution at Sun Sep 27 2026 18:35:00 GMT+0700 (Indochina Time)! Possible blocking IO or high CPU user at the same process used by node-cron.
[2026-09-27T11:40:02.955Z] [PID: 15828] [32m[NODE-CRON][32m [33m[WARN][0m missed execution at Sun Sep 27 2026 18:36:00 GMT+0700 (Indochina Time)! Possible blocking IO or high CPU user at the same process used by node-cron.
[2026-09-27T11:40:02.956Z] [PID: 15828] [32m[NODE-CRON][32m [33m[WARN][0m missed execution at Sun Sep 27 2026 18:37:00 GMT+0700 (Indochina Time)! Possible blocking IO or high CPU user at the same process used by node-cron.
[2026-09-27T11:40:02.956Z] [PID: 15828] [32m[NODE-CRON][32m [33m[WARN][0m missed execution at Sun Sep 27 2026 18:38:00 GMT+0700 (Indochina Time)! Possible blocking IO or high CPU user at the same process used by node-cron.
[2026-09-27T11:40:02.956Z] [PID: 15828] [32m[NODE-CRON][32m [33m[WARN][0m missed execution at Sun Sep 27 2026 18:39:00 GMT+0700 (Indochina Time)! Possible blocking IO or high CPU user at the same process used by node-cron.
[2026-09-27T11:40:02.957Z] [PID: 15828] [32m[NODE-CRON][32m [33m[WARN][0m missed execution at Sun Sep 27 2026 18:40:00 GMT+0700 (Indochina Time)! Possible blocking IO or high CPU user at the same process used by node-cron.
[2026-09-27T11:40:02.977Z] [PID: 15828] [32m[NODE-CRON][32m [33m[WARN][0m missed execution at Sun Sep 27 2026 15:40:00 GMT+0700 (Indochina Time)! Possible blocking IO or high CPU user at the same process used by node-cron.
[2026-09-27T11:40:02.977Z] [PID: 15828] [32m[NODE-CRON][32m [33m[WARN][0m missed execution at Sun Sep 27 2026 15:41:00 GMT+0700 (Indochina Time)! Possible blocking IO or high CPU user at the same process used by node-cron.
[2026-09-27T11:40:02.978Z] [PID: 15828] [32m[NODE-CRON][32m [33m[WARN][0m missed execution at Sun Sep 27 2026 15:42:00 GMT+0700 (Indochina Time)! Possible blocking IO or high CPU user at the same process used by node-cron.
[2026-09-27T11:40:02.978Z] [PID: 15828] [32m[NODE-CRON][32m [33m[WARN][0m missed execution at Sun Sep 27 2026 15:43:00 GMT+0700 (Indochina Time)! Possible blocking IO or high CPU user at the same process used by node-cron.
[2026-09-27T11:40:02.978Z] [PID: 15828] [32m[NODE-CRON][32m [33m[WARN][0m missed execution at Sun Sep 27 2026 15:44:00 GMT+0700 (Indochina Time)! Possible blocking IO or high CPU user at the same process used by node-cron.
[2026-09-27T11:40:02.979Z] [PID: 15828] [32m[NODE-CRON][32m [33m[WARN][0m missed execution at Sun Sep 27 2026 15:45:00 GMT+0700 (Indochina Time)! Possible blocking IO or high CPU user at the same process used by node-cron.
[2026-09-27T11:40:02.979Z] [PID: 15828] [32m[NODE-CRON][32m [33m[WARN][0m missed execution at Sun Sep 27 2026 15:46:00 GMT+0700 (Indochina Time)! Possible blocking IO or high CPU user at the same process used by node-cron.
[2026-09-27T11:40:02.979Z] [PID: 15828] [32m[NODE-CRON][32m [33m[WARN][0m missed execution at Sun Sep 27 2026 15:47:00 GMT+0700 (Indochina Time)! Possible blocking IO or high CPU user at the same process used by node-cron.
[2026-09-27T11:40:02.980Z] [PID: 15828] [32m[NODE-CRON][32m [33m[WARN][0m missed execution at Sun Sep 27 2026 15:48:00 GMT+0700 (Indochina Time)! Possible blocking IO or high CPU user at the same process used by node-cron.
[2026-09-27T11:40:02.980Z] [PID: 15828] [32m[NODE-CRON][32m [33m[WARN][0m missed execution at Sun Sep 27 2026 15:49:00 GMT+0700 (Indochina Time)! Possible blocking IO or high CPU user at the same process used by node-cron.
[2026-09-27T11:40:02.980Z] [PID: 15828] [32m[NODE-CRON][32m [33m[WARN][0m missed execution at Sun Sep 27 2026 15:50:00 GMT+0700 (Indochina Time)! Possible blocking IO or high CPU user at the same process used by node-cron.
[2026-09-27T11:40:02.980Z] [PID: 15828] [32m[NODE-CRON][32m [33m[WARN][0m missed execution at Sun Sep 27 2026 15:51:00 GMT+0700 (Indochina Time)! Possible blocking IO or high CPU user at the same process used by node-cron.
[2026-09-27T11:40:02.981Z] [PID: 15828] [32m[NODE-CRON][32m [33m[WARN][0m missed execution at Sun Sep 27 2026 15:52:00 GMT+0700 (Indochina Time)! Possible blocking IO or high CPU user at the same process used by node-cron.
[2026-09-27T11:40:02.981Z] [PID: 15828] [32m[NODE-CRON][32m [33m[WARN][0m missed execution at Sun Sep 27 2026 15:53:00 GMT+0700 (Indochina Time)! Possible blocking IO or high CPU user at the same process used by node-cron.
[2026-09-27T11:40:02.982Z] [PID: 15828] [32m[NODE-CRON][32m [33m[WARN][0m missed execution at Sun Sep 27 2026 15:54:00 GMT+0700 (Indochina Time)! Possible blocking IO or high CPU user at the same process used by node-cron.
[2026-09-27T11:40:02.982Z] [PID: 15828] [32m[NODE-CRON][32m [33m[WARN][0m missed execution at Sun Sep 27 2026 15:55:00 GMT+0700 (Indochina Time)! Possible blocking IO or high CPU user at the same process used by node-cron.
[2026-09-27T11:40:02.983Z] [PID: 15828] [32m[NODE-CRON][32m [33m[WARN][0m missed execution at Sun Sep 27 2026 15:56:00 GMT+0700 (Indochina Time)! Possible blocking IO or high CPU user at the same process used by node-cron.
[2026-09-27T11:40:02.988Z] [PID: 15828] [32m[NODE-CRON][32m [33m[WARN][0m missed execution at Sun Sep 27 2026 15:57:00 GMT+0700 (Indochina Time)! Possible blocking IO or high CPU user at the same process used by node-cron.
[2026-09-27T11:40:02.989Z] [PID: 15828] [32m[NODE-CRON][32m [33m[WARN][0m missed execution at Sun Sep 27 2026 15:58:00 GMT+0700 (Indochina Time)! Possible blocking IO or high CPU user at the same process used by node-cron.
[2026-09-27T11:40:02.990Z] [PID: 15828] [32m[NODE-CRON][32m [33m[WARN][0m missed execution at Sun Sep 27 2026 15:59:00 GMT+0700 (Indochina Time)! Possible blocking IO or high CPU user at the same process used by node-cron.
[2026-09-27T11:40:02.991Z] [PID: 15828] [32m[NODE-CRON][32m [33m[WARN][0m missed execution at Sun Sep 27 2026 16:00:00 GMT+0700 (Indochina Time)! Possible blocking IO or high CPU user at the same process used by node-cron.
[2026-09-27T11:40:02.993Z] [PID: 15828] [32m[NODE-CRON][32m [33m[WARN][0m missed execution at Sun Sep 27 2026 16:01:00 GMT+0700 (Indochina Time)! Possible blocking IO or high CPU user at the same process used by node-cron.
[2026-09-27T11:40:02.994Z] [PID: 15828] [32m[NODE-CRON][32m [33m[WARN][0m missed execution at Sun Sep 27 2026 16:02:00 GMT+0700 (Indochina Time)! Possible blocking IO or high CPU user at the same process used by node-cron.
[2026-09-27T11:40:02.994Z] [PID: 15828] [32m[NODE-CRON][32m [33m[WARN][0m missed execution at Sun Sep 27 2026 16:03:00 GMT+0700 (Indochina Time)! Possible blocking IO or high CPU user at the same process used by node-cron.
[2026-09-27T11:40:02.995Z] [PID: 15828] [32m[NODE-CRON][32m [33m[WARN][0m missed execution at Sun Sep 27 2026 16:04:00 GMT+0700 (Indochina Time)! Possible blocking IO or high CPU user at the same process used by node-cron.
[2026-09-27T11:40:02.995Z] [PID: 15828] [32m[NODE-CRON][32m [33m[WARN][0m missed execution at Sun Sep 27 2026 16:05:00 GMT+0700 (Indochina Time)! Possible blocking IO or high CPU user at the same process used by node-cron.
[2026-09-27T11:40:02.995Z] [PID: 15828] [32m[NODE-CRON][32m [33m[WARN][0m missed execution at Sun Sep 27 2026 16:06:00 GMT+0700 (Indochina Time)! Possible blocking IO or high CPU user at the same process used by node-cron.
[2026-09-27T11:40:02.996Z] [PID: 15828] [32m[NODE-CRON][32m [33m[WARN][0m missed execution at Sun Sep 27 2026 16:07:00 GMT+0700 (Indochina Time)! Possible blocking IO or high CPU user at the same process used by node-cron.
[2026-09-27T11:40:02.996Z] [PID: 15828] [32m[NODE-CRON][32m [33m[WARN][0m missed execution at Sun Sep 27 2026 16:08:00 GMT+0700 (Indochina Time)! Possible blocking IO or high CPU user at the same process used by node-cron.
[2026-09-27T11:40:02.996Z] [PID: 15828] [32m[NODE-CRON][32m [33m[WARN][0m missed execution at Sun Sep 27 2026 16:09:00 GMT+0700 (Indochina Time)! Possible blocking IO or high CPU user at the same process used by node-cron.
[2026-09-27T11:40:02.997Z] [PID: 15828] [32m[NODE-CRON][32m [33m[WARN][0m missed execution at Sun Sep 27 2026 16:10:00 GMT+0700 (Indochina Time)! Possible blocking IO or high CPU user at the same process used by node-cron.
[2026-09-27T11:40:02.997Z] [PID: 15828] [32m[NODE-CRON][32m [33m[WARN][0m missed execution at Sun Sep 27 2026 16:11:00 GMT+0700 (Indochina Time)! Possible blocking IO or high CPU user at the same process used by node-cron.
[2026-09-27T11:40:02.997Z] [PID: 15828] [32m[NODE-CRON][32m [33m[WARN][0m missed execution at Sun Sep 27 2026 16:12:00 GMT+0700 (Indochina Time)! Possible blocking IO or high CPU user at the same process used by node-cron.
[2026-09-27T11:40:02.998Z] [PID: 15828] [32m[NODE-CRON][32m [33m[WARN][0m missed execution at Sun Sep 27 2026 16:13:00 GMT+0700 (Indochina Time)! Possible blocking IO or high CPU user at the same process used by node-cron.
[2026-09-27T11:40:02.999Z] [PID: 15828] [32m[NODE-CRON][32m [33m[WARN][0m missed execution at Sun Sep 27 2026 16:14:00 GMT+0700 (Indochina Time)! Possible blocking IO or high CPU user at the same process used by node-cron.
[2026-09-27T11:40:02.999Z] [PID: 15828] [32m[NODE-CRON][32m [33m[WARN][0m missed execution at Sun Sep 27 2026 16:15:00 GMT+0700 (Indochina Time)! Possible blocking IO or high CPU user at the same process used by node-cron.
[2026-09-27T11:40:03.000Z] [PID: 15828] [32m[NODE-CRON][32m [33m[WARN][0m missed execution at Sun Sep 27 2026 16:16:00 GMT+0700 (Indochina Time)! Possible blocking IO or high CPU user at the same process used by node-cron.
[2026-09-27T11:40:03.000Z] [PID: 15828] [32m[NODE-CRON][32m [33m[WARN][0m missed execution at Sun Sep 27 2026 16:17:00 GMT+0700 (Indochina Time)! Possible blocking IO or high CPU user at the same process used by node-cron.
[2026-09-27T11:40:03.000Z] [PID: 15828] [32m[NODE-CRON][32m [33m[WARN][0m missed execution at Sun Sep 27 2026 16:18:00 GMT+0700 (Indochina Time)! Possible blocking IO or high CPU user at the same process used by node-cron.
[2026-09-27T11:40:03.004Z] [PID: 15828] [32m[NODE-CRON][32m [33m[WARN][0m missed execution at Sun Sep 27 2026 16:19:00 GMT+0700 (Indochina Time)! Possible blocking IO or high CPU user at the same process used by node-cron.
[2026-09-27T11:40:03.006Z] [PID: 15828] [32m[NODE-CRON][32m [33m[WARN][0m missed execution at Sun Sep 27 2026 16:20:00 GMT+0700 (Indochina Time)! Possible blocking IO or high CPU user at the same process used by node-cron.
[2026-09-27T11:40:03.006Z] [PID: 15828] [32m[NODE-CRON][32m [33m[WARN][0m missed execution at Sun Sep 27 2026 16:21:00 GMT+0700 (Indochina Time)! Possible blocking IO or high CPU user at the same process used by node-cron.
[2026-09-27T11:40:03.007Z] [PID: 15828] [32m[NODE-CRON][32m [33m[WARN][0m missed execution at Sun Sep 27 2026 16:22:00 GMT+0700 (Indochina Time)! Possible blocking IO or high CPU user at the same process used by node-cron.
[2026-09-27T11:40:03.008Z] [PID: 15828] [32m[NODE-CRON][32m [33m[WARN][0m missed execution at Sun Sep 27 2026 16:23:00 GMT+0700 (Indochina Time)! Possible blocking IO or high CPU user at the same process used by node-cron.
[2026-09-27T11:40:03.008Z] [PID: 15828] [32m[NODE-CRON][32m [33m[WARN][0m missed execution at Sun Sep 27 2026 16:24:00 GMT+0700 (Indochina Time)! Possible blocking IO or high CPU user at the same process used by node-cron.
[2026-09-27T11:40:03.009Z] [PID: 15828] [32m[NODE-CRON][32m [33m[WARN][0m missed execution at Sun Sep 27 2026 16:25:00 GMT+0700 (Indochina Time)! Possible blocking IO or high CPU user at the same process used by node-cron.
[2026-09-27T11:40:03.009Z] [PID: 15828] [32m[NODE-CRON][32m [33m[WARN][0m missed execution at Sun Sep 27 2026 16:26:00 GMT+0700 (Indochina Time)! Possible blocking IO or high CPU user at the same process used by node-cron.
[2026-09-27T11:40:03.009Z] [PID: 15828] [32m[NODE-CRON][32m [33m[WARN][0m missed execution at Sun Sep 27 2026 16:27:00 GMT+0700 (Indochina Time)! Possible blocking IO or high CPU user at the same process used by node-cron.
[2026-09-27T11:40:03.010Z] [PID: 15828] [32m[NODE-CRON][32m [33m[WARN][0m missed execution at Sun Sep 27 2026 16:28:00 GMT+0700 (Indochina Time)! Possible blocking IO or high CPU user at the same process used by node-cron.
[2026-09-27T11:40:03.010Z] [PID: 15828] [32m[NODE-CRON][32m [33m[WARN][0m missed execution at Sun Sep 27 2026 16:29:00 GMT+0700 (Indochina Time)! Possible blocking IO or high CPU user at the same process used by node-cron.
[2026-09-27T11:40:03.015Z] [PID: 15828] [32m[NODE-CRON][32m [33m[WARN][0m missed execution at Sun Sep 27 2026 16:30:00 GMT+0700 (Indochina Time)! Possible blocking IO or high CPU user at the same process used by node-cron.
[2026-09-27T11:40:03.015Z] [PID: 15828] [32m[NODE-CRON][32m [33m[WARN][0m missed execution at Sun Sep 27 2026 16:31:00 GMT+0700 (Indochina Time)! Possible blocking IO or high CPU user at the same process used by node-cron.
[2026-09-27T11:40:03.015Z] [PID: 15828] [32m[NODE-CRON][32m [33m[WARN][0m missed execution at Sun Sep 27 2026 16:32:00 GMT+0700 (Indochina Time)! Possible blocking IO or high CPU user at the same process used by node-cron.
[2026-09-27T11:40:03.016Z] [PID: 15828] [32m[NODE-CRON][32m [33m[WARN][0m missed execution at Sun Sep 27 2026 16:33:00 GMT+0700 (Indochina Time)! Possible blocking IO or high CPU user at the same process used by node-cron.
[2026-09-27T11:40:03.016Z] [PID: 15828] [32m[NODE-CRON][32m [33m[WARN][0m missed execution at Sun Sep 27 2026 16:34:00 GMT+0700 (Indochina Time)! Possible blocking IO or high CPU user at the same process used by node-cron.
[2026-09-27T11:40:03.016Z] [PID: 15828] [32m[NODE-CRON][32m [33m[WARN][0m missed execution at Sun Sep 27 2026 16:35:00 GMT+0700 (Indochina Time)! Possible blocking IO or high CPU user at the same process used by node-cron.
[2026-09-27T11:40:03.017Z] [PID: 15828] [32m[NODE-CRON][32m [33m[WARN][0m missed execution at Sun Sep 27 2026 16:36:00 GMT+0700 (Indochina Time)! Possible blocking IO or high CPU user at the same process used by node-cron.
[2026-09-27T11:40:03.017Z] [PID: 15828] [32m[NODE-CRON][32m [33m[WARN][0m missed execution at Sun Sep 27 2026 16:37:00 GMT+0700 (Indochina Time)! Possible blocking IO or high CPU user at the same process used by node-cron.
[2026-09-27T11:40:03.017Z] [PID: 15828] [32m[NODE-CRON][32m [33m[WARN][0m missed execution at Sun Sep 27 2026 16:38:00 GMT+0700 (Indochina Time)! Possible blocking IO or high CPU user at the same process used by node-cron.
[2026-09-27T11:40:03.018Z] [PID: 15828] [32m[NODE-CRON][32m [33m[WARN][0m missed execution at Sun Sep 27 2026 16:39:00 GMT+0700 (Indochina Time)! Possible blocking IO or high CPU user at the same process used by node-cron.
[2026-09-27T11:40:03.018Z] [PID: 15828] [32m[NODE-CRON][32m [33m[WARN][0m missed execution at Sun Sep 27 2026 16:40:00 GMT+0700 (Indochina Time)! Possible blocking IO or high CPU user at the same process used by node-cron.
[2026-09-27T11:40:03.018Z] [PID: 15828] [32m[NODE-CRON][32m [33m[WARN][0m missed execution at Sun Sep 27 2026 16:41:00 GMT+0700 (Indochina Time)! Possible blocking IO or high CPU user at the same process used by node-cron.
[2026-09-27T11:40:03.019Z] [PID: 15828] [32m[NODE-CRON][32m [33m[WARN][0m missed execution at Sun Sep 27 2026 16:42:00 GMT+0700 (Indochina Time)! Possible blocking IO or high CPU user at the same process used by node-cron.
[2026-09-27T11:40:03.019Z] [PID: 15828] [32m[NODE-CRON][32m [33m[WARN][0m missed execution at Sun Sep 27 2026 16:43:00 GMT+0700 (Indochina Time)! Possible blocking IO or high CPU user at the same process used by node-cron.
[2026-09-27T11:40:03.019Z] [PID: 15828] [32m[NODE-CRON][32m [33m[WARN][0m missed execution at Sun Sep 27 2026 16:44:00 GMT+0700 (Indochina Time)! Possible blocking IO or high CPU user at the same process used by node-cron.
[2026-09-27T11:40:03.020Z] [PID: 15828] [32m[NODE-CRON][32m [33m[WARN][0m missed execution at Sun Sep 27 2026 16:45:00 GMT+0700 (Indochina Time)! Possible blocking IO or high CPU user at the same process used by node-cron.
[2026-09-27T11:40:03.020Z] [PID: 15828] [32m[NODE-CRON][32m [33m[WARN][0m missed execution at Sun Sep 27 2026 16:46:00 GMT+0700 (Indochina Time)! Possible blocking IO or high CPU user at the same process used by node-cron.
[2026-09-27T11:40:03.021Z] [PID: 15828] [32m[NODE-CRON][32m [33m[WARN][0m missed execution at Sun Sep 27 2026 16:47:00 GMT+0700 (Indochina Time)! Possible blocking IO or high CPU user at the same process used by node-cron.
[2026-09-27T11:40:03.021Z] [PID: 15828] [32m[NODE-CRON][32m [33m[WARN][0m missed execution at Sun Sep 27 2026 16:48:00 GMT+0700 (Indochina Time)! Possible blocking IO or high CPU user at the same process used by node-cron.
[2026-09-27T11:40:03.021Z] [PID: 15828] [32m[NODE-CRON][32m [33m[WARN][0m missed execution at Sun Sep 27 2026 16:49:00 GMT+0700 (Indochina Time)! Possible blocking IO or high CPU user at the same process used by node-cron.
[2026-09-27T11:40:03.022Z] [PID: 15828] [32m[NODE-CRON][32m [33m[WARN][0m missed execution at Sun Sep 27 2026 16:50:00 GMT+0700 (Indochina Time)! Possible blocking IO or high CPU user at the same process used by node-cron.
[2026-09-27T11:40:03.022Z] [PID: 15828] [32m[NODE-CRON][32m [33m[WARN][0m missed execution at Sun Sep 27 2026 16:51:00 GMT+0700 (Indochina Time)! Possible blocking IO or high CPU user at the same process used by node-cron.
[2026-09-27T11:40:03.022Z] [PID: 15828] [32m[NODE-CRON][32m [33m[WARN][0m missed execution at Sun Sep 27 2026 16:52:00 GMT+0700 (Indochina Time)! Possible blocking IO or high CPU user at the same process used by node-cron.
[2026-09-27T11:40:03.023Z] [PID: 15828] [32m[NODE-CRON][32m [33m[WARN][0m missed execution at Sun Sep 27 2026 16:53:00 GMT+0700 (Indochina Time)! Possible blocking IO or high CPU user at the same process used by node-cron.
[2026-09-27T11:40:03.023Z] [PID: 15828] [32m[NODE-CRON][32m [33m[WARN][0m missed execution at Sun Sep 27 2026 16:54:00 GMT+0700 (Indochina Time)! Possible blocking IO or high CPU user at the same process used by node-cron.
[2026-09-27T11:40:03.023Z] [PID: 15828] [32m[NODE-CRON][32m [33m[WARN][0m missed execution at Sun Sep 27 2026 16:55:00 GMT+0700 (Indochina Time)! Possible blocking IO or high CPU user at the same process used by node-cron.
[2026-09-27T11:40:03.024Z] [PID: 15828] [32m[NODE-CRON][32m [33m[WARN][0m missed execution at Sun Sep 27 2026 16:56:00 GMT+0700 (Indochina Time)! Possible blocking IO or high CPU user at the same process used by node-cron.
[2026-09-27T11:40:03.024Z] [PID: 15828] [32m[NODE-CRON][32m [33m[WARN][0m missed execution at Sun Sep 27 2026 16:57:00 GMT+0700 (Indochina Time)! Possible blocking IO or high CPU user at the same process used by node-cron.
[2026-09-27T11:40:03.024Z] [PID: 15828] [32m[NODE-CRON][32m [33m[WARN][0m missed execution at Sun Sep 27 2026 16:58:00 GMT+0700 (Indochina Time)! Possible blocking IO or high CPU user at the same process used by node-cron.
[2026-09-27T11:40:03.025Z] [PID: 15828] [32m[NODE-CRON][32m [33m[WARN][0m missed execution at Sun Sep 27 2026 16:59:00 GMT+0700 (Indochina Time)! Possible blocking IO or high CPU user at the same process used by node-cron.
[2026-09-27T11:40:03.025Z] [PID: 15828] [32m[NODE-CRON][32m [33m[WARN][0m missed execution at Sun Sep 27 2026 17:00:00 GMT+0700 (Indochina Time)! Possible blocking IO or high CPU user at the same process used by node-cron.
[2026-09-27T11:40:03.025Z] [PID: 15828] [32m[NODE-CRON][32m [33m[WARN][0m missed execution at Sun Sep 27 2026 17:01:00 GMT+0700 (Indochina Time)! Possible blocking IO or high CPU user at the same process used by node-cron.
[2026-09-27T11:40:03.026Z] [PID: 15828] [32m[NODE-CRON][32m [33m[WARN][0m missed execution at Sun Sep 27 2026 17:02:00 GMT+0700 (Indochina Time)! Possible blocking IO or high CPU user at the same process used by node-cron.
[2026-09-27T11:40:03.026Z] [PID: 15828] [32m[NODE-CRON][32m [33m[WARN][0m missed execution at Sun Sep 27 2026 17:03:00 GMT+0700 (Indochina Time)! Possible blocking IO or high CPU user at the same process used by node-cron.
[2026-09-27T11:40:03.026Z] [PID: 15828] [32m[NODE-CRON][32m [33m[WARN][0m missed execution at Sun Sep 27 2026 17:04:00 GMT+0700 (Indochina Time)! Possible blocking IO or high CPU user at the same process used by node-cron.
[2026-09-27T11:40:03.027Z] [PID: 15828] [32m[NODE-CRON][32m [33m[WARN][0m missed execution at Sun Sep 27 2026 17:05:00 GMT+0700 (Indochina Time)! Possible blocking IO or high CPU user at the same process used by node-cron.
[2026-09-27T11:40:03.027Z] [PID: 15828] [32m[NODE-CRON][32m [33m[WARN][0m missed execution at Sun Sep 27 2026 17:06:00 GMT+0700 (Indochina Time)! Possible blocking IO or high CPU user at the same process used by node-cron.
[2026-09-27T11:40:03.028Z] [PID: 15828] [32m[NODE-CRON][32m [33m[WARN][0m missed execution at Sun Sep 27 2026 17:07:00 GMT+0700 (Indochina Time)! Possible blocking IO or high CPU user at the same process used by node-cron.
[2026-09-27T11:40:03.028Z] [PID: 15828] [32m[NODE-CRON][32m [33m[WARN][0m missed execution at Sun Sep 27 2026 17:08:00 GMT+0700 (Indochina Time)! Possible blocking IO or high CPU user at the same process used by node-cron.
[2026-09-27T11:40:03.029Z] [PID: 15828] [32m[NODE-CRON][32m [33m[WARN][0m missed execution at Sun Sep 27 2026 17:09:00 GMT+0700 (Indochina Time)! Possible blocking IO or high CPU user at the same process used by node-cron.
[2026-09-27T11:40:03.029Z] [PID: 15828] [32m[NODE-CRON][32m [33m[WARN][0m missed execution at Sun Sep 27 2026 17:10:00 GMT+0700 (Indochina Time)! Possible blocking IO or high CPU user at the same process used by node-cron.
[2026-09-27T11:40:03.029Z] [PID: 15828] [32m[NODE-CRON][32m [33m[WARN][0m missed execution at Sun Sep 27 2026 17:11:00 GMT+0700 (Indochina Time)! Possible blocking IO or high CPU user at the same process used by node-cron.
[2026-09-27T11:40:03.030Z] [PID: 15828] [32m[NODE-CRON][32m [33m[WARN][0m missed execution at Sun Sep 27 2026 17:12:00 GMT+0700 (Indochina Time)! Possible blocking IO or high CPU user at the same process used by node-cron.
[2026-09-27T11:40:03.030Z] [PID: 15828] [32m[NODE-CRON][32m [33m[WARN][0m missed execution at Sun Sep 27 2026 17:13:00 GMT+0700 (Indochina Time)! Possible blocking IO or high CPU user at the same process used by node-cron.
[2026-09-27T11:40:03.031Z] [PID: 15828] [32m[NODE-CRON][32m [33m[WARN][0m missed execution at Sun Sep 27 2026 17:14:00 GMT+0700 (Indochina Time)! Possible blocking IO or high CPU user at the same process used by node-cron.
[2026-09-27T11:40:03.032Z] [PID: 15828] [32m[NODE-CRON][32m [33m[WARN][0m missed execution at Sun Sep 27 2026 17:15:00 GMT+0700 (Indochina Time)! Possible blocking IO or high CPU user at the same process used by node-cron.
[2026-09-27T11:40:03.032Z] [PID: 15828] [32m[NODE-CRON][32m [33m[WARN][0m missed execution at Sun Sep 27 2026 17:16:00 GMT+0700 (Indochina Time)! Possible blocking IO or high CPU user at the same process used by node-cron.
[2026-09-27T11:40:03.032Z] [PID: 15828] [32m[NODE-CRON][32m [33m[WARN][0m missed execution at Sun Sep 27 2026 17:17:00 GMT+0700 (Indochina Time)! Possible blocking IO or high CPU user at the same process used by node-cron.
[2026-09-27T11:40:03.033Z] [PID: 15828] [32m[NODE-CRON][32m [33m[WARN][0m missed execution at Sun Sep 27 2026 17:18:00 GMT+0700 (Indochina Time)! Possible blocking IO or high CPU user at the same process used by node-cron.
[2026-09-27T11:40:03.033Z] [PID: 15828] [32m[NODE-CRON][32m [33m[WARN][0m missed execution at Sun Sep 27 2026 17:19:00 GMT+0700 (Indochina Time)! Possible blocking IO or high CPU user at the same process used by node-cron.
[2026-09-27T11:40:03.033Z] [PID: 15828] [32m[NODE-CRON][32m [33m[WARN][0m missed execution at Sun Sep 27 2026 17:20:00 GMT+0700 (Indochina Time)! Possible blocking IO or high CPU user at the same process used by node-cron.
[2026-09-27T11:40:03.034Z] [PID: 15828] [32m[NODE-CRON][32m [33m[WARN][0m missed execution at Sun Sep 27 2026 17:21:00 GMT+0700 (Indochina Time)! Possible blocking IO or high CPU user at the same process used by node-cron.
[2026-09-27T11:40:03.034Z] [PID: 15828] [32m[NODE-CRON][32m [33m[WARN][0m missed execution at Sun Sep 27 2026 17:22:00 GMT+0700 (Indochina Time)! Possible blocking IO or high CPU user at the same process used by node-cron.
[2026-09-27T11:40:03.034Z] [PID: 15828] [32m[NODE-CRON][32m [33m[WARN][0m missed execution at Sun Sep 27 2026 17:23:00 GMT+0700 (Indochina Time)! Possible blocking IO or high CPU user at the same process used by node-cron.
[2026-09-27T11:40:03.035Z] [PID: 15828] [32m[NODE-CRON][32m [33m[WARN][0m missed execution at Sun Sep 27 2026 17:24:00 GMT+0700 (Indochina Time)! Possible blocking IO or high CPU user at the same process used by node-cron.
[2026-09-27T11:40:03.036Z] [PID: 15828] [32m[NODE-CRON][32m [33m[WARN][0m missed execution at Sun Sep 27 2026 17:25:00 GMT+0700 (Indochina Time)! Possible blocking IO or high CPU user at the same process used by node-cron.
[2026-09-27T11:40:03.037Z] [PID: 15828] [32m[NODE-CRON][32m [33m[WARN][0m missed execution at Sun Sep 27 2026 17:26:00 GMT+0700 (Indochina Time)! Possible blocking IO or high CPU user at the same process used by node-cron.
[2026-09-27T11:40:03.038Z] [PID: 15828] [32m[NODE-CRON][32m [33m[WARN][0m missed execution at Sun Sep 27 2026 17:27:00 GMT+0700 (Indochina Time)! Possible blocking IO or high CPU user at the same process used by node-cron.
[2026-09-27T11:40:03.038Z] [PID: 15828] [32m[NODE-CRON][32m [33m[WARN][0m missed execution at Sun Sep 27 2026 17:28:00 GMT+0700 (Indochina Time)! Possible blocking IO or high CPU user at the same process used by node-cron.
[2026-09-27T11:40:03.039Z] [PID: 15828] [32m[NODE-CRON][32m [33m[WARN][0m missed execution at Sun Sep 27 2026 17:29:00 GMT+0700 (Indochina Time)! Possible blocking IO or high CPU user at the same process used by node-cron.
[2026-09-27T11:40:03.039Z] [PID: 15828] [32m[NODE-CRON][32m [33m[WARN][0m missed execution at Sun Sep 27 2026 17:30:00 GMT+0700 (Indochina Time)! Possible blocking IO or high CPU user at the same process used by node-cron.
[2026-09-27T11:40:03.039Z] [PID: 15828] [32m[NODE-CRON][32m [33m[WARN][0m missed execution at Sun Sep 27 2026 17:31:00 GMT+0700 (Indochina Time)! Possible blocking IO or high CPU user at the same process used by node-cron.
[2026-09-27T11:40:03.040Z] [PID: 15828] [32m[NODE-CRON][32m [33m[WARN][0m missed execution at Sun Sep 27 2026 17:32:00 GMT+0700 (Indochina Time)! Possible blocking IO or high CPU user at the same process used by node-cron.
[2026-09-27T11:40:03.040Z] [PID: 15828] [32m[NODE-CRON][32m [33m[WARN][0m missed execution at Sun Sep 27 2026 17:33:00 GMT+0700 (Indochina Time)! Possible blocking IO or high CPU user at the same process used by node-cron.
[2026-09-27T11:40:03.041Z] [PID: 15828] [32m[NODE-CRON][32m [33m[WARN][0m missed execution at Sun Sep 27 2026 17:34:00 GMT+0700 (Indochina Time)! Possible blocking IO or high CPU user at the same process used by node-cron.
[2026-09-27T11:40:03.041Z] [PID: 15828] [32m[NODE-CRON][32m [33m[WARN][0m missed execution at Sun Sep 27 2026 17:35:00 GMT+0700 (Indochina Time)! Possible blocking IO or high CPU user at the same process used by node-cron.
[2026-09-27T11:40:03.042Z] [PID: 15828] [32m[NODE-CRON][32m [33m[WARN][0m missed execution at Sun Sep 27 2026 17:36:00 GMT+0700 (Indochina Time)! Possible blocking IO or high CPU user at the same process used by node-cron.
[2026-09-27T11:40:03.042Z] [PID: 15828] [32m[NODE-CRON][32m [33m[WARN][0m missed execution at Sun Sep 27 2026 17:37:00 GMT+0700 (Indochina Time)! Possible blocking IO or high CPU user at the same process used by node-cron.
[2026-09-27T11:40:03.043Z] [PID: 15828] [32m[NODE-CRON][32m [33m[WARN][0m missed execution at Sun Sep 27 2026 17:38:00 GMT+0700 (Indochina Time)! Possible blocking IO or high CPU user at the same process used by node-cron.
[2026-09-27T11:40:03.043Z] [PID: 15828] [32m[NODE-CRON][32m [33m[WARN][0m missed execution at Sun Sep 27 2026 17:39:00 GMT+0700 (Indochina Time)! Possible blocking IO or high CPU user at the same process used by node-cron.
[2026-09-27T11:40:03.043Z] [PID: 15828] [32m[NODE-CRON][32m [33m[WARN][0m missed execution at Sun Sep 27 2026 17:40:00 GMT+0700 (Indochina Time)! Possible blocking IO or high CPU user at the same process used by node-cron.
[2026-09-27T11:40:03.044Z] [PID: 15828] [32m[NODE-CRON][32m [33m[WARN][0m missed execution at Sun Sep 27 2026 17:41:00 GMT+0700 (Indochina Time)! Possible blocking IO or high CPU user at the same process used by node-cron.
[2026-09-27T11:40:03.044Z] [PID: 15828] [32m[NODE-CRON][32m [33m[WARN][0m missed execution at Sun Sep 27 2026 17:42:00 GMT+0700 (Indochina Time)! Possible blocking IO or high CPU user at the same process used by node-cron.
[2026-09-27T11:40:03.045Z] [PID: 15828] [32m[NODE-CRON][32m [33m[WARN][0m missed execution at Sun Sep 27 2026 17:43:00 GMT+0700 (Indochina Time)! Possible blocking IO or high CPU user at the same process used by node-cron.
[2026-09-27T11:40:03.045Z] [PID: 15828] [32m[NODE-CRON][32m [33m[WARN][0m missed execution at Sun Sep 27 2026 17:44:00 GMT+0700 (Indochina Time)! Possible blocking IO or high CPU user at the same process used by node-cron.
[2026-09-27T11:40:03.046Z] [PID: 15828] [32m[NODE-CRON][32m [33m[WARN][0m missed execution at Sun Sep 27 2026 17:45:00 GMT+0700 (Indochina Time)! Possible blocking IO or high CPU user at the same process used by node-cron.
[2026-09-27T11:40:03.046Z] [PID: 15828] [32m[NODE-CRON][32m [33m[WARN][0m missed execution at Sun Sep 27 2026 17:46:00 GMT+0700 (Indochina Time)! Possible blocking IO or high CPU user at the same process used by node-cron.
[2026-09-27T11:40:03.047Z] [PID: 15828] [32m[NODE-CRON][32m [33m[WARN][0m missed execution at Sun Sep 27 2026 17:47:00 GMT+0700 (Indochina Time)! Possible blocking IO or high CPU user at the same process used by node-cron.
[2026-09-27T11:40:03.048Z] [PID: 15828] [32m[NODE-CRON][32m [33m[WARN][0m missed execution at Sun Sep 27 2026 17:48:00 GMT+0700 (Indochina Time)! Possible blocking IO or high CPU user at the same process used by node-cron.
[2026-09-27T11:40:03.048Z] [PID: 15828] [32m[NODE-CRON][32m [33m[WARN][0m missed execution at Sun Sep 27 2026 17:49:00 GMT+0700 (Indochina Time)! Possible blocking IO or high CPU user at the same process used by node-cron.
[2026-09-27T11:40:03.049Z] [PID: 15828] [32m[NODE-CRON][32m [33m[WARN][0m missed execution at Sun Sep 27 2026 17:50:00 GMT+0700 (Indochina Time)! Possible blocking IO or high CPU user at the same process used by node-cron.
[2026-09-27T11:40:03.050Z] [PID: 15828] [32m[NODE-CRON][32m [33m[WARN][0m missed execution at Sun Sep 27 2026 17:51:00 GMT+0700 (Indochina Time)! Possible blocking IO or high CPU user at the same process used by node-cron.
[2026-09-27T11:40:03.051Z] [PID: 15828] [32m[NODE-CRON][32m [33m[WARN][0m missed execution at Sun Sep 27 2026 17:52:00 GMT+0700 (Indochina Time)! Possible blocking IO or high CPU user at the same process used by node-cron.
[2026-09-27T11:40:03.052Z] [PID: 15828] [32m[NODE-CRON][32m [33m[WARN][0m missed execution at Sun Sep 27 2026 17:53:00 GMT+0700 (Indochina Time)! Possible blocking IO or high CPU user at the same process used by node-cron.
[2026-09-27T11:40:03.053Z] [PID: 15828] [32m[NODE-CRON][32m [33m[WARN][0m missed execution at Sun Sep 27 2026 17:54:00 GMT+0700 (Indochina Time)! Possible blocking IO or high CPU user at the same process used by node-cron.
[2026-09-27T11:40:03.054Z] [PID: 15828] [32m[NODE-CRON][32m [33m[WARN][0m missed execution at Sun Sep 27 2026 17:55:00 GMT+0700 (Indochina Time)! Possible blocking IO or high CPU user at the same process used by node-cron.
[2026-09-27T11:40:03.054Z] [PID: 15828] [32m[NODE-CRON][32m [33m[WARN][0m missed execution at Sun Sep 27 2026 17:56:00 GMT+0700 (Indochina Time)! Possible blocking IO or high CPU user at the same process used by node-cron.
[2026-09-27T11:40:03.054Z] [PID: 15828] [32m[NODE-CRON][32m [33m[WARN][0m missed execution at Sun Sep 27 2026 17:57:00 GMT+0700 (Indochina Time)! Possible blocking IO or high CPU user at the same process used by node-cron.
[2026-09-27T11:40:03.055Z] [PID: 15828] [32m[NODE-CRON][32m [33m[WARN][0m missed execution at Sun Sep 27 2026 17:58:00 GMT+0700 (Indochina Time)! Possible blocking IO or high CPU user at the same process used by node-cron.
[2026-09-27T11:40:03.056Z] [PID: 15828] [32m[NODE-CRON][32m [33m[WARN][0m missed execution at Sun Sep 27 2026 17:59:00 GMT+0700 (Indochina Time)! Possible blocking IO or high CPU user at the same process used by node-cron.
[2026-09-27T11:40:03.056Z] [PID: 15828] [32m[NODE-CRON][32m [33m[WARN][0m missed execution at Sun Sep 27 2026 18:00:00 GMT+0700 (Indochina Time)! Possible blocking IO or high CPU user at the same process used by node-cron.
[2026-09-27T11:40:03.057Z] [PID: 15828] [32m[NODE-CRON][32m [33m[WARN][0m missed execution at Sun Sep 27 2026 18:01:00 GMT+0700 (Indochina Time)! Possible blocking IO or high CPU user at the same process used by node-cron.
[2026-09-27T11:40:03.058Z] [PID: 15828] [32m[NODE-CRON][32m [33m[WARN][0m missed execution at Sun Sep 27 2026 18:02:00 GMT+0700 (Indochina Time)! Possible blocking IO or high CPU user at the same process used by node-cron.
[2026-09-27T11:40:03.059Z] [PID: 15828] [32m[NODE-CRON][32m [33m[WARN][0m missed execution at Sun Sep 27 2026 18:03:00 GMT+0700 (Indochina Time)! Possible blocking IO or high CPU user at the same process used by node-cron.
[2026-09-27T11:40:03.059Z] [PID: 15828] [32m[NODE-CRON][32m [33m[WARN][0m missed execution at Sun Sep 27 2026 18:04:00 GMT+0700 (Indochina Time)! Possible blocking IO or high CPU user at the same process used by node-cron.
[2026-09-27T11:40:03.060Z] [PID: 15828] [32m[NODE-CRON][32m [33m[WARN][0m missed execution at Sun Sep 27 2026 18:05:00 GMT+0700 (Indochina Time)! Possible blocking IO or high CPU user at the same process used by node-cron.
[2026-09-27T11:40:03.061Z] [PID: 15828] [32m[NODE-CRON][32m [33m[WARN][0m missed execution at Sun Sep 27 2026 18:06:00 GMT+0700 (Indochina Time)! Possible blocking IO or high CPU user at the same process used by node-cron.
[2026-09-27T11:40:03.062Z] [PID: 15828] [32m[NODE-CRON][32m [33m[WARN][0m missed execution at Sun Sep 27 2026 18:07:00 GMT+0700 (Indochina Time)! Possible blocking IO or high CPU user at the same process used by node-cron.
[2026-09-27T11:40:03.063Z] [PID: 15828] [32m[NODE-CRON][32m [33m[WARN][0m missed execution at Sun Sep 27 2026 18:08:00 GMT+0700 (Indochina Time)! Possible blocking IO or high CPU user at the same process used by node-cron.
[2026-09-27T11:40:03.064Z] [PID: 15828] [32m[NODE-CRON][32m [33m[WARN][0m missed execution at Sun Sep 27 2026 18:09:00 GMT+0700 (Indochina Time)! Possible blocking IO or high CPU user at the same process used by node-cron.
[2026-09-27T11:40:03.067Z] [PID: 15828] [32m[NODE-CRON][32m [33m[WARN][0m missed execution at Sun Sep 27 2026 18:10:00 GMT+0700 (Indochina Time)! Possible blocking IO or high CPU user at the same process used by node-cron.
[2026-09-27T11:40:03.068Z] [PID: 15828] [32m[NODE-CRON][32m [33m[WARN][0m missed execution at Sun Sep 27 2026 18:11:00 GMT+0700 (Indochina Time)! Possible blocking IO or high CPU user at the same process used by node-cron.
[2026-09-27T11:40:03.068Z] [PID: 15828] [32m[NODE-CRON][32m [33m[WARN][0m missed execution at Sun Sep 27 2026 18:12:00 GMT+0700 (Indochina Time)! Possible blocking IO or high CPU user at the same process used by node-cron.
[2026-09-27T11:40:03.070Z] [PID: 15828] [32m[NODE-CRON][32m [33m[WARN][0m missed execution at Sun Sep 27 2026 18:13:00 GMT+0700 (Indochina Time)! Possible blocking IO or high CPU user at the same process used by node-cron.
[2026-09-27T11:40:03.072Z] [PID: 15828] [32m[NODE-CRON][32m [33m[WARN][0m missed execution at Sun Sep 27 2026 18:14:00 GMT+0700 (Indochina Time)! Possible blocking IO or high CPU user at the same process used by node-cron.
[2026-09-27T11:40:03.073Z] [PID: 15828] [32m[NODE-CRON][32m [33m[WARN][0m missed execution at Sun Sep 27 2026 18:15:00 GMT+0700 (Indochina Time)! Possible blocking IO or high CPU user at the same process used by node-cron.
[2026-09-27T11:40:03.074Z] [PID: 15828] [32m[NODE-CRON][32m [33m[WARN][0m missed execution at Sun Sep 27 2026 18:16:00 GMT+0700 (Indochina Time)! Possible blocking IO or high CPU user at the same process used by node-cron.
[2026-09-27T11:40:03.075Z] [PID: 15828] [32m[NODE-CRON][32m [33m[WARN][0m missed execution at Sun Sep 27 2026 18:17:00 GMT+0700 (Indochina Time)! Possible blocking IO or high CPU user at the same process used by node-cron.
[2026-09-27T11:40:03.075Z] [PID: 15828] [32m[NODE-CRON][32m [33m[WARN][0m missed execution at Sun Sep 27 2026 18:18:00 GMT+0700 (Indochina Time)! Possible blocking IO or high CPU user at the same process used by node-cron.
[2026-09-27T11:40:03.076Z] [PID: 15828] [32m[NODE-CRON][32m [33m[WARN][0m missed execution at Sun Sep 27 2026 18:19:00 GMT+0700 (Indochina Time)! Possible blocking IO or high CPU user at the same process used by node-cron.
[2026-09-27T11:40:03.077Z] [PID: 15828] [32m[NODE-CRON][32m [33m[WARN][0m missed execution at Sun Sep 27 2026 18:20:00 GMT+0700 (Indochina Time)! Possible blocking IO or high CPU user at the same process used by node-cron.
[2026-09-27T11:40:03.078Z] [PID: 15828] [32m[NODE-CRON][32m [33m[WARN][0m missed execution at Sun Sep 27 2026 18:21:00 GMT+0700 (Indochina Time)! Possible blocking IO or high CPU user at the same process used by node-cron.
[2026-09-27T11:40:03.078Z] [PID: 15828] [32m[NODE-CRON][32m [33m[WARN][0m missed execution at Sun Sep 27 2026 18:22:00 GMT+0700 (Indochina Time)! Possible blocking IO or high CPU user at the same process used by node-cron.
[2026-09-27T11:40:03.079Z] [PID: 15828] [32m[NODE-CRON][32m [33m[WARN][0m missed execution at Sun Sep 27 2026 18:23:00 GMT+0700 (Indochina Time)! Possible blocking IO or high CPU user at the same process used by node-cron.
[2026-09-27T11:40:03.080Z] [PID: 15828] [32m[NODE-CRON][32m [33m[WARN][0m missed execution at Sun Sep 27 2026 18:24:00 GMT+0700 (Indochina Time)! Possible blocking IO or high CPU user at the same process used by node-cron.
[2026-09-27T11:40:03.081Z] [PID: 15828] [32m[NODE-CRON][32m [33m[WARN][0m missed execution at Sun Sep 27 2026 18:25:00 GMT+0700 (Indochina Time)! Possible blocking IO or high CPU user at the same process used by node-cron.
[2026-09-27T11:40:03.081Z] [PID: 15828] [32m[NODE-CRON][32m [33m[WARN][0m missed execution at Sun Sep 27 2026 18:26:00 GMT+0700 (Indochina Time)! Possible blocking IO or high CPU user at the same process used by node-cron.
[2026-09-27T11:40:03.082Z] [PID: 15828] [32m[NODE-CRON][32m [33m[WARN][0m missed execution at Sun Sep 27 2026 18:27:00 GMT+0700 (Indochina Time)! Possible blocking IO or high CPU user at the same process used by node-cron.
[2026-09-27T11:40:03.082Z] [PID: 15828] [32m[NODE-CRON][32m [33m[WARN][0m missed execution at Sun Sep 27 2026 18:28:00 GMT+0700 (Indochina Time)! Possible blocking IO or high CPU user at the same process used by node-cron.
[2026-09-27T11:40:03.084Z] [PID: 15828] [32m[NODE-CRON][32m [33m[WARN][0m missed execution at Sun Sep 27 2026 18:29:00 GMT+0700 (Indochina Time)! Possible blocking IO or high CPU user at the same process used by node-cron.
[2026-09-27T11:40:03.084Z] [PID: 15828] [32m[NODE-CRON][32m [33m[WARN][0m missed execution at Sun Sep 27 2026 18:30:00 GMT+0700 (Indochina Time)! Possible blocking IO or high CPU user at the same process used by node-cron.
[2026-09-27T11:40:03.085Z] [PID: 15828] [32m[NODE-CRON][32m [33m[WARN][0m missed execution at Sun Sep 27 2026 18:31:00 GMT+0700 (Indochina Time)! Possible blocking IO or high CPU user at the same process used by node-cron.
[2026-09-27T11:40:03.085Z] [PID: 15828] [32m[NODE-CRON][32m [33m[WARN][0m missed execution at Sun Sep 27 2026 18:32:00 GMT+0700 (Indochina Time)! Possible blocking IO or high CPU user at the same process used by node-cron.
[2026-09-27T11:40:03.086Z] [PID: 15828] [32m[NODE-CRON][32m [33m[WARN][0m missed execution at Sun Sep 27 2026 18:33:00 GMT+0700 (Indochina Time)! Possible blocking IO or high CPU user at the same process used by node-cron.
[2026-09-27T11:40:03.087Z] [PID: 15828] [32m[NODE-CRON][32m [33m[WARN][0m missed execution at Sun Sep 27 2026 18:34:00 GMT+0700 (Indochina Time)! Possible blocking IO or high CPU user at the same process used by node-cron.
[2026-09-27T11:40:03.087Z] [PID: 15828] [32m[NODE-CRON][32m [33m[WARN][0m missed execution at Sun Sep 27 2026 18:35:00 GMT+0700 (Indochina Time)! Possible blocking IO or high CPU user at the same process used by node-cron.
[2026-09-27T11:40:03.087Z] [PID: 15828] [32m[NODE-CRON][32m [33m[WARN][0m missed execution at Sun Sep 27 2026 18:36:00 GMT+0700 (Indochina Time)! Possible blocking IO or high CPU user at the same process used by node-cron.
[2026-09-27T11:40:03.091Z] [PID: 15828] [32m[NODE-CRON][32m [33m[WARN][0m missed execution at Sun Sep 27 2026 18:37:00 GMT+0700 (Indochina Time)! Possible blocking IO or high CPU user at the same process used by node-cron.
[2026-09-27T11:40:03.093Z] [PID: 15828] [32m[NODE-CRON][32m [33m[WARN][0m missed execution at Sun Sep 27 2026 18:38:00 GMT+0700 (Indochina Time)! Possible blocking IO or high CPU user at the same process used by node-cron.
[2026-09-27T11:40:03.093Z] [PID: 15828] [32m[NODE-CRON][32m [33m[WARN][0m missed execution at Sun Sep 27 2026 18:39:00 GMT+0700 (Indochina Time)! Possible blocking IO or high CPU user at the same process used by node-cron.
[2026-09-27T11:40:03.094Z] [PID: 15828] [32m[NODE-CRON][32m [33m[WARN][0m missed execution at Sun Sep 27 2026 18:40:00 GMT+0700 (Indochina Time)! Possible blocking IO or high CPU user at the same process used by node-cron.
[2026-09-27T13:08:47.862Z] [PID: 15828] [32m[NODE-CRON][32m [33m[WARN][0m missed execution at Sun Sep 27 2026 18:41:00 GMT+0700 (Indochina Time)! Possible blocking IO or high CPU user at the same process used by node-cron.
[2026-09-27T13:08:48.057Z] [PID: 15828] [32m[NODE-CRON][32m [33m[WARN][0m missed execution at Sun Sep 27 2026 18:42:00 GMT+0700 (Indochina Time)! Possible blocking IO or high CPU user at the same process used by node-cron.
[2026-09-27T13:08:48.233Z] [PID: 15828] [32m[NODE-CRON][32m [33m[WARN][0m missed execution at Sun Sep 27 2026 18:43:00 GMT+0700 (Indochina Time)! Possible blocking IO or high CPU user at the same process used by node-cron.
[2026-09-27T13:08:48.332Z] [PID: 15828] [32m[NODE-CRON][32m [33m[WARN][0m missed execution at Sun Sep 27 2026 18:44:00 GMT+0700 (Indochina Time)! Possible blocking IO or high CPU user at the same process used by node-cron.
[2026-09-27T13:08:48.423Z] [PID: 15828] [32m[NODE-CRON][32m [33m[WARN][0m missed execution at Sun Sep 27 2026 18:45:00 GMT+0700 (Indochina Time)! Possible blocking IO or high CPU user at the same process used by node-cron.
[2026-09-27T13:08:48.490Z] [PID: 15828] [32m[NODE-CRON][32m [33m[WARN][0m missed execution at Sun Sep 27 2026 18:46:00 GMT+0700 (Indochina Time)! Possible blocking IO or high CPU user at the same process used by node-cron.
[2026-09-27T13:08:48.545Z] [PID: 15828] [32m[NODE-CRON][32m [33m[WARN][0m missed execution at Sun Sep 27 2026 18:47:00 GMT+0700 (Indochina Time)! Possible blocking IO or high CPU user at the same process used by node-cron.
[2026-09-27T13:08:48.586Z] [PID: 15828] [32m[NODE-CRON][32m [33m[WARN][0m missed execution at Sun Sep 27 2026 18:48:00 GMT+0700 (Indochina Time)! Possible blocking IO or high CPU user at the same process used by node-cron.
[2026-09-27T13:08:48.615Z] [PID: 15828] [32m[NODE-CRON][32m [33m[WARN][0m missed execution at Sun Sep 27 2026 18:49:00 GMT+0700 (Indochina Time)! Possible blocking IO or high CPU user at the same process used by node-cron.
[2026-09-27T13:08:48.649Z] [PID: 15828] [32m[NODE-CRON][32m [33m[WARN][0m missed execution at Sun Sep 27 2026 18:50:00 GMT+0700 (Indochina Time)! Possible blocking IO or high CPU user at the same process used by node-cron.
[2026-09-27T13:08:48.669Z] [PID: 15828] [32m[NODE-CRON][32m [33m[WARN][0m missed execution at Sun Sep 27 2026 18:51:00 GMT+0700 (Indochina Time)! Possible blocking IO or high CPU user at the same process used by node-cron.
[2026-09-27T13:08:48.698Z] [PID: 15828] [32m[NODE-CRON][32m [33m[WARN][0m missed execution at Sun Sep 27 2026 18:52:00 GMT+0700 (Indochina Time)! Possible blocking IO or high CPU user at the same process used by node-cron.
[2026-09-27T13:08:48.727Z] [PID: 15828] [32m[NODE-CRON][32m [33m[WARN][0m missed execution at Sun Sep 27 2026 18:53:00 GMT+0700 (Indochina Time)! Possible blocking IO or high CPU user at the same process used by node-cron.
[2026-09-27T13:08:48.756Z] [PID: 15828] [32m[NODE-CRON][32m [33m[WARN][0m missed execution at Sun Sep 27 2026 18:54:00 GMT+0700 (Indochina Time)! Possible blocking IO or high CPU user at the same process used by node-cron.
[2026-09-27T13:08:48.794Z] [PID: 15828] [32m[NODE-CRON][32m [33m[WARN][0m missed execution at Sun Sep 27 2026 18:55:00 GMT+0700 (Indochina Time)! Possible blocking IO or high CPU user at the same process used by node-cron.
[2026-09-27T13:08:48.822Z] [PID: 15828] [32m[NODE-CRON][32m [33m[WARN][0m missed execution at Sun Sep 27 2026 18:56:00 GMT+0700 (Indochina Time)! Possible blocking IO or high CPU user at the same process used by node-cron.
[2026-09-27T13:08:48.878Z] [PID: 15828] [32m[NODE-CRON][32m [33m[WARN][0m missed execution at Sun Sep 27 2026 18:57:00 GMT+0700 (Indochina Time)! Possible blocking IO or high CPU user at the same process used by node-cron.
[2026-09-27T13:08:48.951Z] [PID: 15828] [32m[NODE-CRON][32m [33m[WARN][0m missed execution at Sun Sep 27 2026 18:58:00 GMT+0700 (Indochina Time)! Possible blocking IO or high CPU user at the same process used by node-cron.
[2026-09-27T13:08:49.006Z] [PID: 15828] [32m[NODE-CRON][32m [33m[WARN][0m missed execution at Sun Sep 27 2026 18:59:00 GMT+0700 (Indochina Time)! Possible blocking IO or high CPU user at the same process used by node-cron.
[2026-09-27T13:08:49.048Z] [PID: 15828] [32m[NODE-CRON][32m [33m[WARN][0m missed execution at Sun Sep 27 2026 19:00:00 GMT+0700 (Indochina Time)! Possible blocking IO or high CPU user at the same process used by node-cron.
[2026-09-27T13:08:49.078Z] [PID: 15828] [32m[NODE-CRON][32m [33m[WARN][0m missed execution at Sun Sep 27 2026 19:01:00 GMT+0700 (Indochina Time)! Possible blocking IO or high CPU user at the same process used by node-cron.
[2026-09-27T13:08:49.127Z] [PID: 15828] [32m[NODE-CRON][32m [33m[WARN][0m missed execution at Sun Sep 27 2026 19:02:00 GMT+0700 (Indochina Time)! Possible blocking IO or high CPU user at the same process used by node-cron.
[2026-09-27T13:08:49.153Z] [PID: 15828] [32m[NODE-CRON][32m [33m[WARN][0m missed execution at Sun Sep 27 2026 19:03:00 GMT+0700 (Indochina Time)! Possible blocking IO or high CPU user at the same process used by node-cron.
[2026-09-27T13:08:49.200Z] [PID: 15828] [32m[NODE-CRON][32m [33m[WARN][0m missed execution at Sun Sep 27 2026 19:04:00 GMT+0700 (Indochina Time)! Possible blocking IO or high CPU user at the same process used by node-cron.
[2026-09-27T13:08:49.256Z] [PID: 15828] [32m[NODE-CRON][32m [33m[WARN][0m missed execution at Sun Sep 27 2026 19:05:00 GMT+0700 (Indochina Time)! Possible blocking IO or high CPU user at the same process used by node-cron.
[2026-09-27T13:08:49.280Z] [PID: 15828] [32m[NODE-CRON][32m [33m[WARN][0m missed execution at Sun Sep 27 2026 19:06:00 GMT+0700 (Indochina Time)! Possible blocking IO or high CPU user at the same process used by node-cron.
[2026-09-27T13:08:49.306Z] [PID: 15828] [32m[NODE-CRON][32m [33m[WARN][0m missed execution at Sun Sep 27 2026 19:07:00 GMT+0700 (Indochina Time)! Possible blocking IO or high CPU user at the same process used by node-cron.
[2026-09-27T13:08:49.328Z] [PID: 15828] [32m[NODE-CRON][32m [33m[WARN][0m missed execution at Sun Sep 27 2026 19:08:00 GMT+0700 (Indochina Time)! Possible blocking IO or high CPU user at the same process used by node-cron.
[2026-09-27T13:08:49.352Z] [PID: 15828] [32m[NODE-CRON][32m [33m[WARN][0m missed execution at Sun Sep 27 2026 19:09:00 GMT+0700 (Indochina Time)! Possible blocking IO or high CPU user at the same process used by node-cron.
[2026-09-27T13:08:49.376Z] [PID: 15828] [32m[NODE-CRON][32m [33m[WARN][0m missed execution at Sun Sep 27 2026 19:10:00 GMT+0700 (Indochina Time)! Possible blocking IO or high CPU user at the same process used by node-cron.
[2026-09-27T13:08:49.401Z] [PID: 15828] [32m[NODE-CRON][32m [33m[WARN][0m missed execution at Sun Sep 27 2026 19:11:00 GMT+0700 (Indochina Time)! Possible blocking IO or high CPU user at the same process used by node-cron.
[2026-09-27T13:08:49.426Z] [PID: 15828] [32m[NODE-CRON][32m [33m[WARN][0m missed execution at Sun Sep 27 2026 19:12:00 GMT+0700 (Indochina Time)! Possible blocking IO or high CPU user at the same process used by node-cron.
[2026-09-27T13:08:49.474Z] [PID: 15828] [32m[NODE-CRON][32m [33m[WARN][0m missed execution at Sun Sep 27 2026 19:13:00 GMT+0700 (Indochina Time)! Possible blocking IO or high CPU user at the same process used by node-cron.
[2026-09-27T13:08:49.533Z] [PID: 15828] [32m[NODE-CRON][32m [33m[WARN][0m missed execution at Sun Sep 27 2026 19:14:00 GMT+0700 (Indochina Time)! Possible blocking IO or high CPU user at the same process used by node-cron.
[2026-09-27T13:08:49.588Z] [PID: 15828] [32m[NODE-CRON][32m [33m[WARN][0m missed execution at Sun Sep 27 2026 19:15:00 GMT+0700 (Indochina Time)! Possible blocking IO or high CPU user at the same process used by node-cron.
[2026-09-27T13:08:49.624Z] [PID: 15828] [32m[NODE-CRON][32m [33m[WARN][0m missed execution at Sun Sep 27 2026 19:16:00 GMT+0700 (Indochina Time)! Possible blocking IO or high CPU user at the same process used by node-cron.
[2026-09-27T13:08:49.658Z] [PID: 15828] [32m[NODE-CRON][32m [33m[WARN][0m missed execution at Sun Sep 27 2026 19:17:00 GMT+0700 (Indochina Time)! Possible blocking IO or high CPU user at the same process used by node-cron.
[2026-09-27T13:08:49.715Z] [PID: 15828] [32m[NODE-CRON][32m [33m[WARN][0m missed execution at Sun Sep 27 2026 19:18:00 GMT+0700 (Indochina Time)! Possible blocking IO or high CPU user at the same process used by node-cron.
[2026-09-27T13:08:49.759Z] [PID: 15828] [32m[NODE-CRON][32m [33m[WARN][0m missed execution at Sun Sep 27 2026 19:19:00 GMT+0700 (Indochina Time)! Possible blocking IO or high CPU user at the same process used by node-cron.
[2026-09-27T13:08:49.793Z] [PID: 15828] [32m[NODE-CRON][32m [33m[WARN][0m missed execution at Sun Sep 27 2026 19:20:00 GMT+0700 (Indochina Time)! Possible blocking IO or high CPU user at the same process used by node-cron.
[2026-09-27T13:08:49.838Z] [PID: 15828] [32m[NODE-CRON][32m [33m[WARN][0m missed execution at Sun Sep 27 2026 19:21:00 GMT+0700 (Indochina Time)! Possible blocking IO or high CPU user at the same process used by node-cron.
[2026-09-27T13:08:49.883Z] [PID: 15828] [32m[NODE-CRON][32m [33m[WARN][0m missed execution at Sun Sep 27 2026 19:22:00 GMT+0700 (Indochina Time)! Possible blocking IO or high CPU user at the same process used by node-cron.
[2026-09-27T13:08:49.929Z] [PID: 15828] [32m[NODE-CRON][32m [33m[WARN][0m missed execution at Sun Sep 27 2026 19:23:00 GMT+0700 (Indochina Time)! Possible blocking IO or high CPU user at the same process used by node-cron.
[2026-09-27T13:08:49.986Z] [PID: 15828] [32m[NODE-CRON][32m [33m[WARN][0m missed execution at Sun Sep 27 2026 19:24:00 GMT+0700 (Indochina Time)! Possible blocking IO or high CPU user at the same process used by node-cron.
[2026-09-27T13:08:50.042Z] [PID: 15828] [32m[NODE-CRON][32m [33m[WARN][0m missed execution at Sun Sep 27 2026 19:25:00 GMT+0700 (Indochina Time)! Possible blocking IO or high CPU user at the same process used by node-cron.
[2026-09-27T13:08:50.120Z] [PID: 15828] [32m[NODE-CRON][32m [33m[WARN][0m missed execution at Sun Sep 27 2026 19:26:00 GMT+0700 (Indochina Time)! Possible blocking IO or high CPU user at the same process used by node-cron.
[2026-09-27T13:08:50.172Z] [PID: 15828] [32m[NODE-CRON][32m [33m[WARN][0m missed execution at Sun Sep 27 2026 19:27:00 GMT+0700 (Indochina Time)! Possible blocking IO or high CPU user at the same process used by node-cron.
[2026-09-27T13:08:50.265Z] [PID: 15828] [32m[NODE-CRON][32m [33m[WARN][0m missed execution at Sun Sep 27 2026 19:28:00 GMT+0700 (Indochina Time)! Possible blocking IO or high CPU user at the same process used by node-cron.
[2026-09-27T13:08:50.330Z] [PID: 15828] [32m[NODE-CRON][32m [33m[WARN][0m missed execution at Sun Sep 27 2026 19:29:00 GMT+0700 (Indochina Time)! Possible blocking IO or high CPU user at the same process used by node-cron.
[2026-09-27T13:08:50.464Z] [PID: 15828] [32m[NODE-CRON][32m [33m[WARN][0m missed execution at Sun Sep 27 2026 19:30:00 GMT+0700 (Indochina Time)! Possible blocking IO or high CPU user at the same process used by node-cron.
[2026-09-27T13:08:50.511Z] [PID: 15828] [32m[NODE-CRON][32m [33m[WARN][0m missed execution at Sun Sep 27 2026 19:31:00 GMT+0700 (Indochina Time)! Possible blocking IO or high CPU user at the same process used by node-cron.
[2026-09-27T13:08:50.561Z] [PID: 15828] [32m[NODE-CRON][32m [33m[WARN][0m missed execution at Sun Sep 27 2026 19:32:00 GMT+0700 (Indochina Time)! Possible blocking IO or high CPU user at the same process used by node-cron.
[2026-09-27T13:08:50.609Z] [PID: 15828] [32m[NODE-CRON][32m [33m[WARN][0m missed execution at Sun Sep 27 2026 19:33:00 GMT+0700 (Indochina Time)! Possible blocking IO or high CPU user at the same process used by node-cron.
[2026-09-27T13:08:50.685Z] [PID: 15828] [32m[NODE-CRON][32m [33m[WARN][0m missed execution at Sun Sep 27 2026 19:34:00 GMT+0700 (Indochina Time)! Possible blocking IO or high CPU user at the same process used by node-cron.
[2026-09-27T13:08:51.114Z] [PID: 15828] [32m[NODE-CRON][32m [33m[WARN][0m missed execution at Sun Sep 27 2026 19:35:00 GMT+0700 (Indochina Time)! Possible blocking IO or high CPU user at the same process used by node-cron.
[2026-09-27T13:08:51.170Z] [PID: 15828] [32m[NODE-CRON][32m [33m[WARN][0m missed execution at Sun Sep 27 2026 19:36:00 GMT+0700 (Indochina Time)! Possible blocking IO or high CPU user at the same process used by node-cron.
[2026-09-27T13:08:51.230Z] [PID: 15828] [32m[NODE-CRON][32m [33m[WARN][0m missed execution at Sun Sep 27 2026 19:37:00 GMT+0700 (Indochina Time)! Possible blocking IO or high CPU user at the same process used by node-cron.
[2026-09-27T13:08:51.235Z] [PID: 15828] [32m[NODE-CRON][32m [33m[WARN][0m missed execution at Sun Sep 27 2026 19:38:00 GMT+0700 (Indochina Time)! Possible blocking IO or high CPU user at the same process used by node-cron.
[2026-09-27T13:08:51.244Z] [PID: 15828] [32m[NODE-CRON][32m [33m[WARN][0m missed execution at Sun Sep 27 2026 19:39:00 GMT+0700 (Indochina Time)! Possible blocking IO or high CPU user at the same process used by node-cron.
[2026-09-27T13:08:51.247Z] [PID: 15828] [32m[NODE-CRON][32m [33m[WARN][0m missed execution at Sun Sep 27 2026 19:40:00 GMT+0700 (Indochina Time)! Possible blocking IO or high CPU user at the same process used by node-cron.
[2026-09-27T13:08:51.251Z] [PID: 15828] [32m[NODE-CRON][32m [33m[WARN][0m missed execution at Sun Sep 27 2026 19:41:00 GMT+0700 (Indochina Time)! Possible blocking IO or high CPU user at the same process used by node-cron.
[2026-09-27T13:08:51.258Z] [PID: 15828] [32m[NODE-CRON][32m [33m[WARN][0m missed execution at Sun Sep 27 2026 19:42:00 GMT+0700 (Indochina Time)! Possible blocking IO or high CPU user at the same process used by node-cron.
[2026-09-27T13:08:51.271Z] [PID: 15828] [32m[NODE-CRON][32m [33m[WARN][0m missed execution at Sun Sep 27 2026 19:43:00 GMT+0700 (Indochina Time)! Possible blocking IO or high CPU user at the same process used by node-cron.
[2026-09-27T13:08:51.274Z] [PID: 15828] [32m[NODE-CRON][32m [33m[WARN][0m missed execution at Sun Sep 27 2026 19:44:00 GMT+0700 (Indochina Time)! Possible blocking IO or high CPU user at the same process used by node-cron.
[2026-09-27T13:08:51.277Z] [PID: 15828] [32m[NODE-CRON][32m [33m[WARN][0m missed execution at Sun Sep 27 2026 19:45:00 GMT+0700 (Indochina Time)! Possible blocking IO or high CPU user at the same process used by node-cron.
[2026-09-27T13:08:51.291Z] [PID: 15828] [32m[NODE-CRON][32m [33m[WARN][0m missed execution at Sun Sep 27 2026 19:46:00 GMT+0700 (Indochina Time)! Possible blocking IO or high CPU user at the same process used by node-cron.
[2026-09-27T13:08:51.852Z] [PID: 15828] [32m[NODE-CRON][32m [33m[WARN][0m missed execution at Sun Sep 27 2026 19:47:00 GMT+0700 (Indochina Time)! Possible blocking IO or high CPU user at the same process used by node-cron.
[2026-09-27T13:08:51.910Z] [PID: 15828] [32m[NODE-CRON][32m [33m[WARN][0m missed execution at Sun Sep 27 2026 19:48:00 GMT+0700 (Indochina Time)! Possible blocking IO or high CPU user at the same process used by node-cron.
[2026-09-27T13:08:51.925Z] [PID: 15828] [32m[NODE-CRON][32m [33m[WARN][0m missed execution at Sun Sep 27 2026 19:49:00 GMT+0700 (Indochina Time)! Possible blocking IO or high CPU user at the same process used by node-cron.
[2026-09-27T13:08:51.932Z] [PID: 15828] [32m[NODE-CRON][32m [33m[WARN][0m missed execution at Sun Sep 27 2026 19:50:00 GMT+0700 (Indochina Time)! Possible blocking IO or high CPU user at the same process used by node-cron.
[2026-09-27T13:08:51.940Z] [PID: 15828] [32m[NODE-CRON][32m [33m[WARN][0m missed execution at Sun Sep 27 2026 19:51:00 GMT+0700 (Indochina Time)! Possible blocking IO or high CPU user at the same process used by node-cron.
[2026-09-27T13:08:51.945Z] [PID: 15828] [32m[NODE-CRON][32m [33m[WARN][0m missed execution at Sun Sep 27 2026 19:52:00 GMT+0700 (Indochina Time)! Possible blocking IO or high CPU user at the same process used by node-cron.
[2026-09-27T13:08:51.949Z] [PID: 15828] [32m[NODE-CRON][32m [33m[WARN][0m missed execution at Sun Sep 27 2026 19:53:00 GMT+0700 (Indochina Time)! Possible blocking IO or high CPU user at the same process used by node-cron.
[2026-09-27T13:08:51.953Z] [PID: 15828] [32m[NODE-CRON][32m [33m[WARN][0m missed execution at Sun Sep 27 2026 19:54:00 GMT+0700 (Indochina Time)! Possible blocking IO or high CPU user at the same process used by node-cron.
[2026-09-27T13:08:51.956Z] [PID: 15828] [32m[NODE-CRON][32m [33m[WARN][0m missed execution at Sun Sep 27 2026 19:55:00 GMT+0700 (Indochina Time)! Possible blocking IO or high CPU user at the same process used by node-cron.
[2026-09-27T13:08:51.962Z] [PID: 15828] [32m[NODE-CRON][32m [33m[WARN][0m missed execution at Sun Sep 27 2026 19:56:00 GMT+0700 (Indochina Time)! Possible blocking IO or high CPU user at the same process used by node-cron.
[2026-09-27T13:08:51.965Z] [PID: 15828] [32m[NODE-CRON][32m [33m[WARN][0m missed execution at Sun Sep 27 2026 19:57:00 GMT+0700 (Indochina Time)! Possible blocking IO or high CPU user at the same process used by node-cron.
[2026-09-27T13:08:51.968Z] [PID: 15828] [32m[NODE-CRON][32m [33m[WARN][0m missed execution at Sun Sep 27 2026 19:58:00 GMT+0700 (Indochina Time)! Possible blocking IO or high CPU user at the same process used by node-cron.
[2026-09-27T13:08:51.972Z] [PID: 15828] [32m[NODE-CRON][32m [33m[WARN][0m missed execution at Sun Sep 27 2026 19:59:00 GMT+0700 (Indochina Time)! Possible blocking IO or high CPU user at the same process used by node-cron.
[2026-09-27T13:08:51.976Z] [PID: 15828] [32m[NODE-CRON][32m [33m[WARN][0m missed execution at Sun Sep 27 2026 20:00:00 GMT+0700 (Indochina Time)! Possible blocking IO or high CPU user at the same process used by node-cron.
[2026-09-27T13:08:51.980Z] [PID: 15828] [32m[NODE-CRON][32m [33m[WARN][0m missed execution at Sun Sep 27 2026 20:01:00 GMT+0700 (Indochina Time)! Possible blocking IO or high CPU user at the same process used by node-cron.
[2026-09-27T13:08:51.990Z] [PID: 15828] [32m[NODE-CRON][32m [33m[WARN][0m missed execution at Sun Sep 27 2026 20:02:00 GMT+0700 (Indochina Time)! Possible blocking IO or high CPU user at the same process used by node-cron.
[2026-09-27T13:08:51.995Z] [PID: 15828] [32m[NODE-CRON][32m [33m[WARN][0m missed execution at Sun Sep 27 2026 20:03:00 GMT+0700 (Indochina Time)! Possible blocking IO or high CPU user at the same process used by node-cron.
[2026-09-27T13:08:52.001Z] [PID: 15828] [32m[NODE-CRON][32m [33m[WARN][0m missed execution at Sun Sep 27 2026 20:04:00 GMT+0700 (Indochina Time)! Possible blocking IO or high CPU user at the same process used by node-cron.
[2026-09-27T13:08:52.005Z] [PID: 15828] [32m[NODE-CRON][32m [33m[WARN][0m missed execution at Sun Sep 27 2026 20:05:00 GMT+0700 (Indochina Time)! Possible blocking IO or high CPU user at the same process used by node-cron.
[2026-09-27T13:08:52.008Z] [PID: 15828] [32m[NODE-CRON][32m [33m[WARN][0m missed execution at Sun Sep 27 2026 20:06:00 GMT+0700 (Indochina Time)! Possible blocking IO or high CPU user at the same process used by node-cron.
[2026-09-27T13:08:52.012Z] [PID: 15828] [32m[NODE-CRON][32m [33m[WARN][0m missed execution at Sun Sep 27 2026 20:07:00 GMT+0700 (Indochina Time)! Possible blocking IO or high CPU user at the same process used by node-cron.
[2026-09-27T13:08:52.017Z] [PID: 15828] [32m[NODE-CRON][32m [33m[WARN][0m missed execution at Sun Sep 27 2026 20:08:00 GMT+0700 (Indochina Time)! Possible blocking IO or high CPU user at the same process used by node-cron.
[2026-09-27T13:08:52.028Z] [PID: 15828] [32m[NODE-CRON][32m [33m[WARN][0m missed execution at Sun Sep 27 2026 18:41:00 GMT+0700 (Indochina Time)! Possible blocking IO or high CPU user at the same process used by node-cron.
[2026-09-27T13:08:52.033Z] [PID: 15828] [32m[NODE-CRON][32m [33m[WARN][0m missed execution at Sun Sep 27 2026 18:42:00 GMT+0700 (Indochina Time)! Possible blocking IO or high CPU user at the same process used by node-cron.
[2026-09-27T13:08:52.038Z] [PID: 15828] [32m[NODE-CRON][32m [33m[WARN][0m missed execution at Sun Sep 27 2026 18:43:00 GMT+0700 (Indochina Time)! Possible blocking IO or high CPU user at the same process used by node-cron.
[2026-09-27T13:08:52.045Z] [PID: 15828] [32m[NODE-CRON][32m [33m[WARN][0m missed execution at Sun Sep 27 2026 18:44:00 GMT+0700 (Indochina Time)! Possible blocking IO or high CPU user at the same process used by node-cron.
[2026-09-27T13:08:52.051Z] [PID: 15828] [32m[NODE-CRON][32m [33m[WARN][0m missed execution at Sun Sep 27 2026 18:45:00 GMT+0700 (Indochina Time)! Possible blocking IO or high CPU user at the same process used by node-cron.
[2026-09-27T13:08:52.059Z] [PID: 15828] [32m[NODE-CRON][32m [33m[WARN][0m missed execution at Sun Sep 27 2026 18:46:00 GMT+0700 (Indochina Time)! Possible blocking IO or high CPU user at the same process used by node-cron.
[2026-09-27T13:08:52.068Z] [PID: 15828] [32m[NODE-CRON][32m [33m[WARN][0m missed execution at Sun Sep 27 2026 18:47:00 GMT+0700 (Indochina Time)! Possible blocking IO or high CPU user at the same process used by node-cron.
[2026-09-27T13:08:52.089Z] [PID: 15828] [32m[NODE-CRON][32m [33m[WARN][0m missed execution at Sun Sep 27 2026 18:48:00 GMT+0700 (Indochina Time)! Possible blocking IO or high CPU user at the same process used by node-cron.
[2026-09-27T13:08:52.093Z] [PID: 15828] [32m[NODE-CRON][32m [33m[WARN][0m missed execution at Sun Sep 27 2026 18:49:00 GMT+0700 (Indochina Time)! Possible blocking IO or high CPU user at the same process used by node-cron.
[2026-09-27T13:08:52.096Z] [PID: 15828] [32m[NODE-CRON][32m [33m[WARN][0m missed execution at Sun Sep 27 2026 18:50:00 GMT+0700 (Indochina Time)! Possible blocking IO or high CPU user at the same process used by node-cron.
[2026-09-27T13:08:52.100Z] [PID: 15828] [32m[NODE-CRON][32m [33m[WARN][0m missed execution at Sun Sep 27 2026 18:51:00 GMT+0700 (Indochina Time)! Possible blocking IO or high CPU user at the same process used by node-cron.
[2026-09-27T13:08:52.105Z] [PID: 15828] [32m[NODE-CRON][32m [33m[WARN][0m missed execution at Sun Sep 27 2026 18:52:00 GMT+0700 (Indochina Time)! Possible blocking IO or high CPU user at the same process used by node-cron.
[2026-09-27T13:08:52.110Z] [PID: 15828] [32m[NODE-CRON][32m [33m[WARN][0m missed execution at Sun Sep 27 2026 18:53:00 GMT+0700 (Indochina Time)! Possible blocking IO or high CPU user at the same process used by node-cron.
[2026-09-27T13:08:52.114Z] [PID: 15828] [32m[NODE-CRON][32m [33m[WARN][0m missed execution at Sun Sep 27 2026 18:54:00 GMT+0700 (Indochina Time)! Possible blocking IO or high CPU user at the same process used by node-cron.
[2026-09-27T13:08:52.119Z] [PID: 15828] [32m[NODE-CRON][32m [33m[WARN][0m missed execution at Sun Sep 27 2026 18:55:00 GMT+0700 (Indochina Time)! Possible blocking IO or high CPU user at the same process used by node-cron.
[2026-09-27T13:08:52.124Z] [PID: 15828] [32m[NODE-CRON][32m [33m[WARN][0m missed execution at Sun Sep 27 2026 18:56:00 GMT+0700 (Indochina Time)! Possible blocking IO or high CPU user at the same process used by node-cron.
[2026-09-27T13:08:52.129Z] [PID: 15828] [32m[NODE-CRON][32m [33m[WARN][0m missed execution at Sun Sep 27 2026 18:57:00 GMT+0700 (Indochina Time)! Possible blocking IO or high CPU user at the same process used by node-cron.
[2026-09-27T13:08:52.133Z] [PID: 15828] [32m[NODE-CRON][32m [33m[WARN][0m missed execution at Sun Sep 27 2026 18:58:00 GMT+0700 (Indochina Time)! Possible blocking IO or high CPU user at the same process used by node-cron.
[2026-09-27T13:08:52.137Z] [PID: 15828] [32m[NODE-CRON][32m [33m[WARN][0m missed execution at Sun Sep 27 2026 18:59:00 GMT+0700 (Indochina Time)! Possible blocking IO or high CPU user at the same process used by node-cron.
[2026-09-27T13:08:52.142Z] [PID: 15828] [32m[NODE-CRON][32m [33m[WARN][0m missed execution at Sun Sep 27 2026 19:00:00 GMT+0700 (Indochina Time)! Possible blocking IO or high CPU user at the same process used by node-cron.
[2026-09-27T13:08:52.145Z] [PID: 15828] [32m[NODE-CRON][32m [33m[WARN][0m missed execution at Sun Sep 27 2026 19:01:00 GMT+0700 (Indochina Time)! Possible blocking IO or high CPU user at the same process used by node-cron.
[2026-09-27T13:08:52.149Z] [PID: 15828] [32m[NODE-CRON][32m [33m[WARN][0m missed execution at Sun Sep 27 2026 19:02:00 GMT+0700 (Indochina Time)! Possible blocking IO or high CPU user at the same process used by node-cron.
[2026-09-27T13:08:52.155Z] [PID: 15828] [32m[NODE-CRON][32m [33m[WARN][0m missed execution at Sun Sep 27 2026 19:03:00 GMT+0700 (Indochina Time)! Possible blocking IO or high CPU user at the same process used by node-cron.
[2026-09-27T13:08:52.159Z] [PID: 15828] [32m[NODE-CRON][32m [33m[WARN][0m missed execution at Sun Sep 27 2026 19:04:00 GMT+0700 (Indochina Time)! Possible blocking IO or high CPU user at the same process used by node-cron.
[2026-09-27T13:08:52.162Z] [PID: 15828] [32m[NODE-CRON][32m [33m[WARN][0m missed execution at Sun Sep 27 2026 19:05:00 GMT+0700 (Indochina Time)! Possible blocking IO or high CPU user at the same process used by node-cron.
[2026-09-27T13:08:52.165Z] [PID: 15828] [32m[NODE-CRON][32m [33m[WARN][0m missed execution at Sun Sep 27 2026 19:06:00 GMT+0700 (Indochina Time)! Possible blocking IO or high CPU user at the same process used by node-cron.
[2026-09-27T13:08:52.170Z] [PID: 15828] [32m[NODE-CRON][32m [33m[WARN][0m missed execution at Sun Sep 27 2026 19:07:00 GMT+0700 (Indochina Time)! Possible blocking IO or high CPU user at the same process used by node-cron.
[2026-09-27T13:08:52.174Z] [PID: 15828] [32m[NODE-CRON][32m [33m[WARN][0m missed execution at Sun Sep 27 2026 19:08:00 GMT+0700 (Indochina Time)! Possible blocking IO or high CPU user at the same process used by node-cron.
[2026-09-27T13:08:52.176Z] [PID: 15828] [32m[NODE-CRON][32m [33m[WARN][0m missed execution at Sun Sep 27 2026 19:09:00 GMT+0700 (Indochina Time)! Possible blocking IO or high CPU user at the same process used by node-cron.
[2026-09-27T13:08:52.178Z] [PID: 15828] [32m[NODE-CRON][32m [33m[WARN][0m missed execution at Sun Sep 27 2026 19:10:00 GMT+0700 (Indochina Time)! Possible blocking IO or high CPU user at the same process used by node-cron.
[2026-09-27T13:08:52.180Z] [PID: 15828] [32m[NODE-CRON][32m [33m[WARN][0m missed execution at Sun Sep 27 2026 19:11:00 GMT+0700 (Indochina Time)! Possible blocking IO or high CPU user at the same process used by node-cron.
[2026-09-27T13:08:52.189Z] [PID: 15828] [32m[NODE-CRON][32m [33m[WARN][0m missed execution at Sun Sep 27 2026 19:12:00 GMT+0700 (Indochina Time)! Possible blocking IO or high CPU user at the same process used by node-cron.
[2026-09-27T13:08:52.190Z] [PID: 15828] [32m[NODE-CRON][32m [33m[WARN][0m missed execution at Sun Sep 27 2026 19:13:00 GMT+0700 (Indochina Time)! Possible blocking IO or high CPU user at the same process used by node-cron.
[2026-09-27T13:08:52.192Z] [PID: 15828] [32m[NODE-CRON][32m [33m[WARN][0m missed execution at Sun Sep 27 2026 19:14:00 GMT+0700 (Indochina Time)! Possible blocking IO or high CPU user at the same process used by node-cron.
[2026-09-27T13:08:52.193Z] [PID: 15828] [32m[NODE-CRON][32m [33m[WARN][0m missed execution at Sun Sep 27 2026 19:15:00 GMT+0700 (Indochina Time)! Possible blocking IO or high CPU user at the same process used by node-cron.
[2026-09-27T13:08:52.196Z] [PID: 15828] [32m[NODE-CRON][32m [33m[WARN][0m missed execution at Sun Sep 27 2026 19:16:00 GMT+0700 (Indochina Time)! Possible blocking IO or high CPU user at the same process used by node-cron.
[2026-09-27T13:08:52.198Z] [PID: 15828] [32m[NODE-CRON][32m [33m[WARN][0m missed execution at Sun Sep 27 2026 19:17:00 GMT+0700 (Indochina Time)! Possible blocking IO or high CPU user at the same process used by node-cron.
[2026-09-27T13:08:52.202Z] [PID: 15828] [32m[NODE-CRON][32m [33m[WARN][0m missed execution at Sun Sep 27 2026 19:18:00 GMT+0700 (Indochina Time)! Possible blocking IO or high CPU user at the same process used by node-cron.
[2026-09-27T13:08:52.205Z] [PID: 15828] [32m[NODE-CRON][32m [33m[WARN][0m missed execution at Sun Sep 27 2026 19:19:00 GMT+0700 (Indochina Time)! Possible blocking IO or high CPU user at the same process used by node-cron.
[2026-09-27T13:08:52.209Z] [PID: 15828] [32m[NODE-CRON][32m [33m[WARN][0m missed execution at Sun Sep 27 2026 19:20:00 GMT+0700 (Indochina Time)! Possible blocking IO or high CPU user at the same process used by node-cron.
[2026-09-27T13:08:52.212Z] [PID: 15828] [32m[NODE-CRON][32m [33m[WARN][0m missed execution at Sun Sep 27 2026 19:21:00 GMT+0700 (Indochina Time)! Possible blocking IO or high CPU user at the same process used by node-cron.
[2026-09-27T13:08:52.213Z] [PID: 15828] [32m[NODE-CRON][32m [33m[WARN][0m missed execution at Sun Sep 27 2026 19:22:00 GMT+0700 (Indochina Time)! Possible blocking IO or high CPU user at the same process used by node-cron.
[2026-09-27T13:08:52.216Z] [PID: 15828] [32m[NODE-CRON][32m [33m[WARN][0m missed execution at Sun Sep 27 2026 19:23:00 GMT+0700 (Indochina Time)! Possible blocking IO or high CPU user at the same process used by node-cron.
[2026-09-27T13:08:52.221Z] [PID: 15828] [32m[NODE-CRON][32m [33m[WARN][0m missed execution at Sun Sep 27 2026 19:24:00 GMT+0700 (Indochina Time)! Possible blocking IO or high CPU user at the same process used by node-cron.
[2026-09-27T13:08:52.223Z] [PID: 15828] [32m[NODE-CRON][32m [33m[WARN][0m missed execution at Sun Sep 27 2026 19:25:00 GMT+0700 (Indochina Time)! Possible blocking IO or high CPU user at the same process used by node-cron.
[2026-09-27T13:08:52.225Z] [PID: 15828] [32m[NODE-CRON][32m [33m[WARN][0m missed execution at Sun Sep 27 2026 19:26:00 GMT+0700 (Indochina Time)! Possible blocking IO or high CPU user at the same process used by node-cron.
[2026-09-27T13:08:52.227Z] [PID: 15828] [32m[NODE-CRON][32m [33m[WARN][0m missed execution at Sun Sep 27 2026 19:27:00 GMT+0700 (Indochina Time)! Possible blocking IO or high CPU user at the same process used by node-cron.
[2026-09-27T13:08:52.229Z] [PID: 15828] [32m[NODE-CRON][32m [33m[WARN][0m missed execution at Sun Sep 27 2026 19:28:00 GMT+0700 (Indochina Time)! Possible blocking IO or high CPU user at the same process used by node-cron.
[2026-09-27T13:08:52.231Z] [PID: 15828] [32m[NODE-CRON][32m [33m[WARN][0m missed execution at Sun Sep 27 2026 19:29:00 GMT+0700 (Indochina Time)! Possible blocking IO or high CPU user at the same process used by node-cron.
[2026-09-27T13:08:52.233Z] [PID: 15828] [32m[NODE-CRON][32m [33m[WARN][0m missed execution at Sun Sep 27 2026 19:30:00 GMT+0700 (Indochina Time)! Possible blocking IO or high CPU user at the same process used by node-cron.
[2026-09-27T13:08:52.236Z] [PID: 15828] [32m[NODE-CRON][32m [33m[WARN][0m missed execution at Sun Sep 27 2026 19:31:00 GMT+0700 (Indochina Time)! Possible blocking IO or high CPU user at the same process used by node-cron.
[2026-09-27T13:08:52.239Z] [PID: 15828] [32m[NODE-CRON][32m [33m[WARN][0m missed execution at Sun Sep 27 2026 19:32:00 GMT+0700 (Indochina Time)! Possible blocking IO or high CPU user at the same process used by node-cron.
[2026-09-27T13:08:52.243Z] [PID: 15828] [32m[NODE-CRON][32m [33m[WARN][0m missed execution at Sun Sep 27 2026 19:33:00 GMT+0700 (Indochina Time)! Possible blocking IO or high CPU user at the same process used by node-cron.
[2026-09-27T13:08:52.244Z] [PID: 15828] [32m[NODE-CRON][32m [33m[WARN][0m missed execution at Sun Sep 27 2026 19:34:00 GMT+0700 (Indochina Time)! Possible blocking IO or high CPU user at the same process used by node-cron.
[2026-09-27T13:08:52.247Z] [PID: 15828] [32m[NODE-CRON][32m [33m[WARN][0m missed execution at Sun Sep 27 2026 19:35:00 GMT+0700 (Indochina Time)! Possible blocking IO or high CPU user at the same process used by node-cron.
[2026-09-27T13:08:52.252Z] [PID: 15828] [32m[NODE-CRON][32m [33m[WARN][0m missed execution at Sun Sep 27 2026 19:36:00 GMT+0700 (Indochina Time)! Possible blocking IO or high CPU user at the same process used by node-cron.
[2026-09-27T13:08:52.255Z] [PID: 15828] [32m[NODE-CRON][32m [33m[WARN][0m missed execution at Sun Sep 27 2026 19:37:00 GMT+0700 (Indochina Time)! Possible blocking IO or high CPU user at the same process used by node-cron.
[2026-09-27T13:08:52.257Z] [PID: 15828] [32m[NODE-CRON][32m [33m[WARN][0m missed execution at Sun Sep 27 2026 19:38:00 GMT+0700 (Indochina Time)! Possible blocking IO or high CPU user at the same process used by node-cron.
[2026-09-27T13:08:52.259Z] [PID: 15828] [32m[NODE-CRON][32m [33m[WARN][0m missed execution at Sun Sep 27 2026 19:39:00 GMT+0700 (Indochina Time)! Possible blocking IO or high CPU user at the same process used by node-cron.
[2026-09-27T13:08:52.262Z] [PID: 15828] [32m[NODE-CRON][32m [33m[WARN][0m missed execution at Sun Sep 27 2026 19:40:00 GMT+0700 (Indochina Time)! Possible blocking IO or high CPU user at the same process used by node-cron.
[2026-09-27T13:08:52.263Z] [PID: 15828] [32m[NODE-CRON][32m [33m[WARN][0m missed execution at Sun Sep 27 2026 19:41:00 GMT+0700 (Indochina Time)! Possible blocking IO or high CPU user at the same process used by node-cron.
[2026-09-27T13:08:52.264Z] [PID: 15828] [32m[NODE-CRON][32m [33m[WARN][0m missed execution at Sun Sep 27 2026 19:42:00 GMT+0700 (Indochina Time)! Possible blocking IO or high CPU user at the same process used by node-cron.
[2026-09-27T13:08:52.267Z] [PID: 15828] [32m[NODE-CRON][32m [33m[WARN][0m missed execution at Sun Sep 27 2026 19:43:00 GMT+0700 (Indochina Time)! Possible blocking IO or high CPU user at the same process used by node-cron.
[2026-09-27T13:08:52.269Z] [PID: 15828] [32m[NODE-CRON][32m [33m[WARN][0m missed execution at Sun Sep 27 2026 19:44:00 GMT+0700 (Indochina Time)! Possible blocking IO or high CPU user at the same process used by node-cron.
[2026-09-27T13:08:52.272Z] [PID: 15828] [32m[NODE-CRON][32m [33m[WARN][0m missed execution at Sun Sep 27 2026 19:45:00 GMT+0700 (Indochina Time)! Possible blocking IO or high CPU user at the same process used by node-cron.
[2026-09-27T13:08:52.274Z] [PID: 15828] [32m[NODE-CRON][32m [33m[WARN][0m missed execution at Sun Sep 27 2026 19:46:00 GMT+0700 (Indochina Time)! Possible blocking IO or high CPU user at the same process used by node-cron.
[2026-09-27T13:08:52.275Z] [PID: 15828] [32m[NODE-CRON][32m [33m[WARN][0m missed execution at Sun Sep 27 2026 19:47:00 GMT+0700 (Indochina Time)! Possible blocking IO or high CPU user at the same process used by node-cron.
[2026-09-27T13:08:52.277Z] [PID: 15828] [32m[NODE-CRON][32m [33m[WARN][0m missed execution at Sun Sep 27 2026 19:48:00 GMT+0700 (Indochina Time)! Possible blocking IO or high CPU user at the same process used by node-cron.
[2026-09-27T13:08:52.279Z] [PID: 15828] [32m[NODE-CRON][32m [33m[WARN][0m missed execution at Sun Sep 27 2026 19:49:00 GMT+0700 (Indochina Time)! Possible blocking IO or high CPU user at the same process used by node-cron.
[2026-09-27T13:08:52.284Z] [PID: 15828] [32m[NODE-CRON][32m [33m[WARN][0m missed execution at Sun Sep 27 2026 19:50:00 GMT+0700 (Indochina Time)! Possible blocking IO or high CPU user at the same process used by node-cron.
[2026-09-27T13:08:52.288Z] [PID: 15828] [32m[NODE-CRON][32m [33m[WARN][0m missed execution at Sun Sep 27 2026 19:51:00 GMT+0700 (Indochina Time)! Possible blocking IO or high CPU user at the same process used by node-cron.
[2026-09-27T13:08:52.291Z] [PID: 15828] [32m[NODE-CRON][32m [33m[WARN][0m missed execution at Sun Sep 27 2026 19:52:00 GMT+0700 (Indochina Time)! Possible blocking IO or high CPU user at the same process used by node-cron.
[2026-09-27T13:08:52.292Z] [PID: 15828] [32m[NODE-CRON][32m [33m[WARN][0m missed execution at Sun Sep 27 2026 19:53:00 GMT+0700 (Indochina Time)! Possible blocking IO or high CPU user at the same process used by node-cron.
[2026-09-27T13:08:52.294Z] [PID: 15828] [32m[NODE-CRON][32m [33m[WARN][0m missed execution at Sun Sep 27 2026 19:54:00 GMT+0700 (Indochina Time)! Possible blocking IO or high CPU user at the same process used by node-cron.
[2026-09-27T13:08:52.296Z] [PID: 15828] [32m[NODE-CRON][32m [33m[WARN][0m missed execution at Sun Sep 27 2026 19:55:00 GMT+0700 (Indochina Time)! Possible blocking IO or high CPU user at the same process used by node-cron.
[2026-09-27T13:08:52.300Z] [PID: 15828] [32m[NODE-CRON][32m [33m[WARN][0m missed execution at Sun Sep 27 2026 19:56:00 GMT+0700 (Indochina Time)! Possible blocking IO or high CPU user at the same process used by node-cron.
[2026-09-27T13:08:52.302Z] [PID: 15828] [32m[NODE-CRON][32m [33m[WARN][0m missed execution at Sun Sep 27 2026 19:57:00 GMT+0700 (Indochina Time)! Possible blocking IO or high CPU user at the same process used by node-cron.
[2026-09-27T13:08:52.307Z] [PID: 15828] [32m[NODE-CRON][32m [33m[WARN][0m missed execution at Sun Sep 27 2026 19:58:00 GMT+0700 (Indochina Time)! Possible blocking IO or high CPU user at the same process used by node-cron.
[2026-09-27T13:08:52.310Z] [PID: 15828] [32m[NODE-CRON][32m [33m[WARN][0m missed execution at Sun Sep 27 2026 19:59:00 GMT+0700 (Indochina Time)! Possible blocking IO or high CPU user at the same process used by node-cron.
[2026-09-27T13:08:52.313Z] [PID: 15828] [32m[NODE-CRON][32m [33m[WARN][0m missed execution at Sun Sep 27 2026 20:00:00 GMT+0700 (Indochina Time)! Possible blocking IO or high CPU user at the same process used by node-cron.
[2026-09-27T13:08:52.317Z] [PID: 15828] [32m[NODE-CRON][32m [33m[WARN][0m missed execution at Sun Sep 27 2026 20:01:00 GMT+0700 (Indochina Time)! Possible blocking IO or high CPU user at the same process used by node-cron.
[2026-09-27T13:08:52.320Z] [PID: 15828] [32m[NODE-CRON][32m [33m[WARN][0m missed execution at Sun Sep 27 2026 20:02:00 GMT+0700 (Indochina Time)! Possible blocking IO or high CPU user at the same process used by node-cron.
[2026-09-27T13:08:52.323Z] [PID: 15828] [32m[NODE-CRON][32m [33m[WARN][0m missed execution at Sun Sep 27 2026 20:03:00 GMT+0700 (Indochina Time)! Possible blocking IO or high CPU user at the same process used by node-cron.
[2026-09-27T13:08:52.325Z] [PID: 15828] [32m[NODE-CRON][32m [33m[WARN][0m missed execution at Sun Sep 27 2026 20:04:00 GMT+0700 (Indochina Time)! Possible blocking IO or high CPU user at the same process used by node-cron.
[2026-09-27T13:08:52.327Z] [PID: 15828] [32m[NODE-CRON][32m [33m[WARN][0m missed execution at Sun Sep 27 2026 20:05:00 GMT+0700 (Indochina Time)! Possible blocking IO or high CPU user at the same process used by node-cron.
[2026-09-27T13:08:52.329Z] [PID: 15828] [32m[NODE-CRON][32m [33m[WARN][0m missed execution at Sun Sep 27 2026 20:06:00 GMT+0700 (Indochina Time)! Possible blocking IO or high CPU user at the same process used by node-cron.
[2026-09-27T13:08:52.331Z] [PID: 15828] [32m[NODE-CRON][32m [33m[WARN][0m missed execution at Sun Sep 27 2026 20:07:00 GMT+0700 (Indochina Time)! Possible blocking IO or high CPU user at the same process used by node-cron.
[2026-09-27T13:08:52.334Z] [PID: 15828] [32m[NODE-CRON][32m [33m[WARN][0m missed execution at Sun Sep 27 2026 20:08:00 GMT+0700 (Indochina Time)! Possible blocking IO or high CPU user at the same process used by node-cron.
[2026-09-27T13:08:52.347Z] [PID: 15828] [32m[NODE-CRON][32m [33m[WARN][0m missed execution at Sun Sep 27 2026 18:41:00 GMT+0700 (Indochina Time)! Possible blocking IO or high CPU user at the same process used by node-cron.
[2026-09-27T13:08:52.350Z] [PID: 15828] [32m[NODE-CRON][32m [33m[WARN][0m missed execution at Sun Sep 27 2026 18:42:00 GMT+0700 (Indochina Time)! Possible blocking IO or high CPU user at the same process used by node-cron.
[2026-09-27T13:08:52.352Z] [PID: 15828] [32m[NODE-CRON][32m [33m[WARN][0m missed execution at Sun Sep 27 2026 18:43:00 GMT+0700 (Indochina Time)! Possible blocking IO or high CPU user at the same process used by node-cron.
[2026-09-27T13:08:52.354Z] [PID: 15828] [32m[NODE-CRON][32m [33m[WARN][0m missed execution at Sun Sep 27 2026 18:44:00 GMT+0700 (Indochina Time)! Possible blocking IO or high CPU user at the same process used by node-cron.
[2026-09-27T13:08:52.355Z] [PID: 15828] [32m[NODE-CRON][32m [33m[WARN][0m missed execution at Sun Sep 27 2026 18:45:00 GMT+0700 (Indochina Time)! Possible blocking IO or high CPU user at the same process used by node-cron.
[2026-09-27T13:08:52.358Z] [PID: 15828] [32m[NODE-CRON][32m [33m[WARN][0m missed execution at Sun Sep 27 2026 18:46:00 GMT+0700 (Indochina Time)! Possible blocking IO or high CPU user at the same process used by node-cron.
[2026-09-27T13:08:52.359Z] [PID: 15828] [32m[NODE-CRON][32m [33m[WARN][0m missed execution at Sun Sep 27 2026 18:47:00 GMT+0700 (Indochina Time)! Possible blocking IO or high CPU user at the same process used by node-cron.
[2026-09-27T13:08:52.360Z] [PID: 15828] [32m[NODE-CRON][32m [33m[WARN][0m missed execution at Sun Sep 27 2026 18:48:00 GMT+0700 (Indochina Time)! Possible blocking IO or high CPU user at the same process used by node-cron.
[2026-09-27T13:08:52.362Z] [PID: 15828] [32m[NODE-CRON][32m [33m[WARN][0m missed execution at Sun Sep 27 2026 18:49:00 GMT+0700 (Indochina Time)! Possible blocking IO or high CPU user at the same process used by node-cron.
[2026-09-27T13:08:52.364Z] [PID: 15828] [32m[NODE-CRON][32m [33m[WARN][0m missed execution at Sun Sep 27 2026 18:50:00 GMT+0700 (Indochina Time)! Possible blocking IO or high CPU user at the same process used by node-cron.
[2026-09-27T13:08:52.366Z] [PID: 15828] [32m[NODE-CRON][32m [33m[WARN][0m missed execution at Sun Sep 27 2026 18:51:00 GMT+0700 (Indochina Time)! Possible blocking IO or high CPU user at the same process used by node-cron.
[2026-09-27T13:08:52.369Z] [PID: 15828] [32m[NODE-CRON][32m [33m[WARN][0m missed execution at Sun Sep 27 2026 18:52:00 GMT+0700 (Indochina Time)! Possible blocking IO or high CPU user at the same process used by node-cron.
[2026-09-27T13:08:52.370Z] [PID: 15828] [32m[NODE-CRON][32m [33m[WARN][0m missed execution at Sun Sep 27 2026 18:53:00 GMT+0700 (Indochina Time)! Possible blocking IO or high CPU user at the same process used by node-cron.
[2026-09-27T13:08:52.373Z] [PID: 15828] [32m[NODE-CRON][32m [33m[WARN][0m missed execution at Sun Sep 27 2026 18:54:00 GMT+0700 (Indochina Time)! Possible blocking IO or high CPU user at the same process used by node-cron.
[2026-09-27T13:08:52.374Z] [PID: 15828] [32m[NODE-CRON][32m [33m[WARN][0m missed execution at Sun Sep 27 2026 18:55:00 GMT+0700 (Indochina Time)! Possible blocking IO or high CPU user at the same process used by node-cron.
[2026-09-27T13:08:52.375Z] [PID: 15828] [32m[NODE-CRON][32m [33m[WARN][0m missed execution at Sun Sep 27 2026 18:56:00 GMT+0700 (Indochina Time)! Possible blocking IO or high CPU user at the same process used by node-cron.
[2026-09-27T13:08:52.377Z] [PID: 15828] [32m[NODE-CRON][32m [33m[WARN][0m missed execution at Sun Sep 27 2026 18:57:00 GMT+0700 (Indochina Time)! Possible blocking IO or high CPU user at the same process used by node-cron.
[2026-09-27T13:08:52.378Z] [PID: 15828] [32m[NODE-CRON][32m [33m[WARN][0m missed execution at Sun Sep 27 2026 18:58:00 GMT+0700 (Indochina Time)! Possible blocking IO or high CPU user at the same process used by node-cron.
[2026-09-27T13:08:52.379Z] [PID: 15828] [32m[NODE-CRON][32m [33m[WARN][0m missed execution at Sun Sep 27 2026 18:59:00 GMT+0700 (Indochina Time)! Possible blocking IO or high CPU user at the same process used by node-cron.
[2026-09-27T13:08:52.380Z] [PID: 15828] [32m[NODE-CRON][32m [33m[WARN][0m missed execution at Sun Sep 27 2026 19:00:00 GMT+0700 (Indochina Time)! Possible blocking IO or high CPU user at the same process used by node-cron.
[2026-09-27T13:08:52.383Z] [PID: 15828] [32m[NODE-CRON][32m [33m[WARN][0m missed execution at Sun Sep 27 2026 19:01:00 GMT+0700 (Indochina Time)! Possible blocking IO or high CPU user at the same process used by node-cron.
[2026-09-27T13:08:52.384Z] [PID: 15828] [32m[NODE-CRON][32m [33m[WARN][0m missed execution at Sun Sep 27 2026 19:02:00 GMT+0700 (Indochina Time)! Possible blocking IO or high CPU user at the same process used by node-cron.
[2026-09-27T13:08:52.385Z] [PID: 15828] [32m[NODE-CRON][32m [33m[WARN][0m missed execution at Sun Sep 27 2026 19:03:00 GMT+0700 (Indochina Time)! Possible blocking IO or high CPU user at the same process used by node-cron.
[2026-09-27T13:08:52.387Z] [PID: 15828] [32m[NODE-CRON][32m [33m[WARN][0m missed execution at Sun Sep 27 2026 19:04:00 GMT+0700 (Indochina Time)! Possible blocking IO or high CPU user at the same process used by node-cron.
[2026-09-27T13:08:52.389Z] [PID: 15828] [32m[NODE-CRON][32m [33m[WARN][0m missed execution at Sun Sep 27 2026 19:05:00 GMT+0700 (Indochina Time)! Possible blocking IO or high CPU user at the same process used by node-cron.
[2026-09-27T13:08:52.390Z] [PID: 15828] [32m[NODE-CRON][32m [33m[WARN][0m missed execution at Sun Sep 27 2026 19:06:00 GMT+0700 (Indochina Time)! Possible blocking IO or high CPU user at the same process used by node-cron.
[2026-09-27T13:08:52.394Z] [PID: 15828] [32m[NODE-CRON][32m [33m[WARN][0m missed execution at Sun Sep 27 2026 19:07:00 GMT+0700 (Indochina Time)! Possible blocking IO or high CPU user at the same process used by node-cron.
[2026-09-27T13:08:52.396Z] [PID: 15828] [32m[NODE-CRON][32m [33m[WARN][0m missed execution at Sun Sep 27 2026 19:08:00 GMT+0700 (Indochina Time)! Possible blocking IO or high CPU user at the same process used by node-cron.
[2026-09-27T13:08:52.398Z] [PID: 15828] [32m[NODE-CRON][32m [33m[WARN][0m missed execution at Sun Sep 27 2026 19:09:00 GMT+0700 (Indochina Time)! Possible blocking IO or high CPU user at the same process used by node-cron.
[2026-09-27T13:08:52.402Z] [PID: 15828] [32m[NODE-CRON][32m [33m[WARN][0m missed execution at Sun Sep 27 2026 19:10:00 GMT+0700 (Indochina Time)! Possible blocking IO or high CPU user at the same process used by node-cron.
[2026-09-27T13:08:52.404Z] [PID: 15828] [32m[NODE-CRON][32m [33m[WARN][0m missed execution at Sun Sep 27 2026 19:11:00 GMT+0700 (Indochina Time)! Possible blocking IO or high CPU user at the same process used by node-cron.
[2026-09-27T13:08:52.405Z] [PID: 15828] [32m[NODE-CRON][32m [33m[WARN][0m missed execution at Sun Sep 27 2026 19:12:00 GMT+0700 (Indochina Time)! Possible blocking IO or high CPU user at the same process used by node-cron.
[2026-09-27T13:08:52.406Z] [PID: 15828] [32m[NODE-CRON][32m [33m[WARN][0m missed execution at Sun Sep 27 2026 19:13:00 GMT+0700 (Indochina Time)! Possible blocking IO or high CPU user at the same process used by node-cron.
[2026-09-27T13:08:52.407Z] [PID: 15828] [32m[NODE-CRON][32m [33m[WARN][0m missed execution at Sun Sep 27 2026 19:14:00 GMT+0700 (Indochina Time)! Possible blocking IO or high CPU user at the same process used by node-cron.
[2026-09-27T13:08:52.407Z] [PID: 15828] [32m[NODE-CRON][32m [33m[WARN][0m missed execution at Sun Sep 27 2026 19:15:00 GMT+0700 (Indochina Time)! Possible blocking IO or high CPU user at the same process used by node-cron.
[2026-09-27T13:08:52.407Z] [PID: 15828] [32m[NODE-CRON][32m [33m[WARN][0m missed execution at Sun Sep 27 2026 19:16:00 GMT+0700 (Indochina Time)! Possible blocking IO or high CPU user at the same process used by node-cron.
[2026-09-27T13:08:52.408Z] [PID: 15828] [32m[NODE-CRON][32m [33m[WARN][0m missed execution at Sun Sep 27 2026 19:17:00 GMT+0700 (Indochina Time)! Possible blocking IO or high CPU user at the same process used by node-cron.
[2026-09-27T13:08:52.408Z] [PID: 15828] [32m[NODE-CRON][32m [33m[WARN][0m missed execution at Sun Sep 27 2026 19:18:00 GMT+0700 (Indochina Time)! Possible blocking IO or high CPU user at the same process used by node-cron.
[2026-09-27T13:08:52.408Z] [PID: 15828] [32m[NODE-CRON][32m [33m[WARN][0m missed execution at Sun Sep 27 2026 19:19:00 GMT+0700 (Indochina Time)! Possible blocking IO or high CPU user at the same process used by node-cron.
[2026-09-27T13:08:52.409Z] [PID: 15828] [32m[NODE-CRON][32m [33m[WARN][0m missed execution at Sun Sep 27 2026 19:20:00 GMT+0700 (Indochina Time)! Possible blocking IO or high CPU user at the same process used by node-cron.
[2026-09-27T13:08:52.409Z] [PID: 15828] [32m[NODE-CRON][32m [33m[WARN][0m missed execution at Sun Sep 27 2026 19:21:00 GMT+0700 (Indochina Time)! Possible blocking IO or high CPU user at the same process used by node-cron.
[2026-09-27T13:08:52.411Z] [PID: 15828] [32m[NODE-CRON][32m [33m[WARN][0m missed execution at Sun Sep 27 2026 19:22:00 GMT+0700 (Indochina Time)! Possible blocking IO or high CPU user at the same process used by node-cron.
[2026-09-27T13:08:52.413Z] [PID: 15828] [32m[NODE-CRON][32m [33m[WARN][0m missed execution at Sun Sep 27 2026 19:23:00 GMT+0700 (Indochina Time)! Possible blocking IO or high CPU user at the same process used by node-cron.
[2026-09-27T13:08:52.415Z] [PID: 15828] [32m[NODE-CRON][32m [33m[WARN][0m missed execution at Sun Sep 27 2026 19:24:00 GMT+0700 (Indochina Time)! Possible blocking IO or high CPU user at the same process used by node-cron.
[2026-09-27T13:08:52.425Z] [PID: 15828] [32m[NODE-CRON][32m [33m[WARN][0m missed execution at Sun Sep 27 2026 19:25:00 GMT+0700 (Indochina Time)! Possible blocking IO or high CPU user at the same process used by node-cron.
[2026-09-27T13:08:52.428Z] [PID: 15828] [32m[NODE-CRON][32m [33m[WARN][0m missed execution at Sun Sep 27 2026 19:26:00 GMT+0700 (Indochina Time)! Possible blocking IO or high CPU user at the same process used by node-cron.
[2026-09-27T13:08:52.430Z] [PID: 15828] [32m[NODE-CRON][32m [33m[WARN][0m missed execution at Sun Sep 27 2026 19:27:00 GMT+0700 (Indochina Time)! Possible blocking IO or high CPU user at the same process used by node-cron.
[2026-09-27T13:08:52.436Z] [PID: 15828] [32m[NODE-CRON][32m [33m[WARN][0m missed execution at Sun Sep 27 2026 19:28:00 GMT+0700 (Indochina Time)! Possible blocking IO or high CPU user at the same process used by node-cron.
[2026-09-27T13:08:52.440Z] [PID: 15828] [32m[NODE-CRON][32m [33m[WARN][0m missed execution at Sun Sep 27 2026 19:29:00 GMT+0700 (Indochina Time)! Possible blocking IO or high CPU user at the same process used by node-cron.
[2026-09-27T13:08:52.442Z] [PID: 15828] [32m[NODE-CRON][32m [33m[WARN][0m missed execution at Sun Sep 27 2026 19:30:00 GMT+0700 (Indochina Time)! Possible blocking IO or high CPU user at the same process used by node-cron.
[2026-09-27T13:08:52.444Z] [PID: 15828] [32m[NODE-CRON][32m [33m[WARN][0m missed execution at Sun Sep 27 2026 19:31:00 GMT+0700 (Indochina Time)! Possible blocking IO or high CPU user at the same process used by node-cron.
[2026-09-27T13:08:52.446Z] [PID: 15828] [32m[NODE-CRON][32m [33m[WARN][0m missed execution at Sun Sep 27 2026 19:32:00 GMT+0700 (Indochina Time)! Possible blocking IO or high CPU user at the same process used by node-cron.
[2026-09-27T13:08:52.448Z] [PID: 15828] [32m[NODE-CRON][32m [33m[WARN][0m missed execution at Sun Sep 27 2026 19:33:00 GMT+0700 (Indochina Time)! Possible blocking IO or high CPU user at the same process used by node-cron.
[2026-09-27T13:08:52.454Z] [PID: 15828] [32m[NODE-CRON][32m [33m[WARN][0m missed execution at Sun Sep 27 2026 19:34:00 GMT+0700 (Indochina Time)! Possible blocking IO or high CPU user at the same process used by node-cron.
[2026-09-27T13:08:52.457Z] [PID: 15828] [32m[NODE-CRON][32m [33m[WARN][0m missed execution at Sun Sep 27 2026 19:35:00 GMT+0700 (Indochina Time)! Possible blocking IO or high CPU user at the same process used by node-cron.
[2026-09-27T13:08:52.460Z] [PID: 15828] [32m[NODE-CRON][32m [33m[WARN][0m missed execution at Sun Sep 27 2026 19:36:00 GMT+0700 (Indochina Time)! Possible blocking IO or high CPU user at the same process used by node-cron.
[2026-09-27T13:08:52.464Z] [PID: 15828] [32m[NODE-CRON][32m [33m[WARN][0m missed execution at Sun Sep 27 2026 19:37:00 GMT+0700 (Indochina Time)! Possible blocking IO or high CPU user at the same process used by node-cron.
[2026-09-27T13:08:52.465Z] [PID: 15828] [32m[NODE-CRON][32m [33m[WARN][0m missed execution at Sun Sep 27 2026 19:38:00 GMT+0700 (Indochina Time)! Possible blocking IO or high CPU user at the same process used by node-cron.
[2026-09-27T13:08:52.468Z] [PID: 15828] [32m[NODE-CRON][32m [33m[WARN][0m missed execution at Sun Sep 27 2026 19:39:00 GMT+0700 (Indochina Time)! Possible blocking IO or high CPU user at the same process used by node-cron.
[2026-09-27T13:08:52.470Z] [PID: 15828] [32m[NODE-CRON][32m [33m[WARN][0m missed execution at Sun Sep 27 2026 19:40:00 GMT+0700 (Indochina Time)! Possible blocking IO or high CPU user at the same process used by node-cron.
[2026-09-27T13:08:52.472Z] [PID: 15828] [32m[NODE-CRON][32m [33m[WARN][0m missed execution at Sun Sep 27 2026 19:41:00 GMT+0700 (Indochina Time)! Possible blocking IO or high CPU user at the same process used by node-cron.
[2026-09-27T13:08:52.474Z] [PID: 15828] [32m[NODE-CRON][32m [33m[WARN][0m missed execution at Sun Sep 27 2026 19:42:00 GMT+0700 (Indochina Time)! Possible blocking IO or high CPU user at the same process used by node-cron.
[2026-09-27T13:08:52.474Z] [PID: 15828] [32m[NODE-CRON][32m [33m[WARN][0m missed execution at Sun Sep 27 2026 19:43:00 GMT+0700 (Indochina Time)! Possible blocking IO or high CPU user at the same process used by node-cron.
[2026-09-27T13:08:52.476Z] [PID: 15828] [32m[NODE-CRON][32m [33m[WARN][0m missed execution at Sun Sep 27 2026 19:44:00 GMT+0700 (Indochina Time)! Possible blocking IO or high CPU user at the same process used by node-cron.
[2026-09-27T13:08:52.477Z] [PID: 15828] [32m[NODE-CRON][32m [33m[WARN][0m missed execution at Sun Sep 27 2026 19:45:00 GMT+0700 (Indochina Time)! Possible blocking IO or high CPU user at the same process used by node-cron.
[2026-09-27T13:08:52.479Z] [PID: 15828] [32m[NODE-CRON][32m [33m[WARN][0m missed execution at Sun Sep 27 2026 19:46:00 GMT+0700 (Indochina Time)! Possible blocking IO or high CPU user at the same process used by node-cron.
[2026-09-27T13:08:52.481Z] [PID: 15828] [32m[NODE-CRON][32m [33m[WARN][0m missed execution at Sun Sep 27 2026 19:47:00 GMT+0700 (Indochina Time)! Possible blocking IO or high CPU user at the same process used by node-cron.
[2026-09-27T13:08:52.483Z] [PID: 15828] [32m[NODE-CRON][32m [33m[WARN][0m missed execution at Sun Sep 27 2026 19:48:00 GMT+0700 (Indochina Time)! Possible blocking IO or high CPU user at the same process used by node-cron.
[2026-09-27T13:08:52.485Z] [PID: 15828] [32m[NODE-CRON][32m [33m[WARN][0m missed execution at Sun Sep 27 2026 19:49:00 GMT+0700 (Indochina Time)! Possible blocking IO or high CPU user at the same process used by node-cron.
[2026-09-27T13:08:52.488Z] [PID: 15828] [32m[NODE-CRON][32m [33m[WARN][0m missed execution at Sun Sep 27 2026 19:50:00 GMT+0700 (Indochina Time)! Possible blocking IO or high CPU user at the same process used by node-cron.
[2026-09-27T13:08:52.489Z] [PID: 15828] [32m[NODE-CRON][32m [33m[WARN][0m missed execution at Sun Sep 27 2026 19:51:00 GMT+0700 (Indochina Time)! Possible blocking IO or high CPU user at the same process used by node-cron.
[2026-09-27T13:08:52.491Z] [PID: 15828] [32m[NODE-CRON][32m [33m[WARN][0m missed execution at Sun Sep 27 2026 19:52:00 GMT+0700 (Indochina Time)! Possible blocking IO or high CPU user at the same process used by node-cron.
[2026-09-27T13:08:52.492Z] [PID: 15828] [32m[NODE-CRON][32m [33m[WARN][0m missed execution at Sun Sep 27 2026 19:53:00 GMT+0700 (Indochina Time)! Possible blocking IO or high CPU user at the same process used by node-cron.
[2026-09-27T13:08:52.494Z] [PID: 15828] [32m[NODE-CRON][32m [33m[WARN][0m missed execution at Sun Sep 27 2026 19:54:00 GMT+0700 (Indochina Time)! Possible blocking IO or high CPU user at the same process used by node-cron.
[2026-09-27T13:08:52.496Z] [PID: 15828] [32m[NODE-CRON][32m [33m[WARN][0m missed execution at Sun Sep 27 2026 19:55:00 GMT+0700 (Indochina Time)! Possible blocking IO or high CPU user at the same process used by node-cron.
[2026-09-27T13:08:52.499Z] [PID: 15828] [32m[NODE-CRON][32m [33m[WARN][0m missed execution at Sun Sep 27 2026 19:56:00 GMT+0700 (Indochina Time)! Possible blocking IO or high CPU user at the same process used by node-cron.
[2026-09-27T13:08:52.503Z] [PID: 15828] [32m[NODE-CRON][32m [33m[WARN][0m missed execution at Sun Sep 27 2026 19:57:00 GMT+0700 (Indochina Time)! Possible blocking IO or high CPU user at the same process used by node-cron.
[2026-09-27T13:08:52.506Z] [PID: 15828] [32m[NODE-CRON][32m [33m[WARN][0m missed execution at Sun Sep 27 2026 19:58:00 GMT+0700 (Indochina Time)! Possible blocking IO or high CPU user at the same process used by node-cron.
[2026-09-27T13:08:52.508Z] [PID: 15828] [32m[NODE-CRON][32m [33m[WARN][0m missed execution at Sun Sep 27 2026 19:59:00 GMT+0700 (Indochina Time)! Possible blocking IO or high CPU user at the same process used by node-cron.
[2026-09-27T13:08:52.509Z] [PID: 15828] [32m[NODE-CRON][32m [33m[WARN][0m missed execution at Sun Sep 27 2026 20:00:00 GMT+0700 (Indochina Time)! Possible blocking IO or high CPU user at the same process used by node-cron.
[2026-09-27T13:08:52.511Z] [PID: 15828] [32m[NODE-CRON][32m [33m[WARN][0m missed execution at Sun Sep 27 2026 20:01:00 GMT+0700 (Indochina Time)! Possible blocking IO or high CPU user at the same process used by node-cron.
[2026-09-27T13:08:52.513Z] [PID: 15828] [32m[NODE-CRON][32m [33m[WARN][0m missed execution at Sun Sep 27 2026 20:02:00 GMT+0700 (Indochina Time)! Possible blocking IO or high CPU user at the same process used by node-cron.
[2026-09-27T13:08:52.514Z] [PID: 15828] [32m[NODE-CRON][32m [33m[WARN][0m missed execution at Sun Sep 27 2026 20:03:00 GMT+0700 (Indochina Time)! Possible blocking IO or high CPU user at the same process used by node-cron.
[2026-09-27T13:08:52.517Z] [PID: 15828] [32m[NODE-CRON][32m [33m[WARN][0m missed execution at Sun Sep 27 2026 20:04:00 GMT+0700 (Indochina Time)! Possible blocking IO or high CPU user at the same process used by node-cron.
[2026-09-27T13:08:52.519Z] [PID: 15828] [32m[NODE-CRON][32m [33m[WARN][0m missed execution at Sun Sep 27 2026 20:05:00 GMT+0700 (Indochina Time)! Possible blocking IO or high CPU user at the same process used by node-cron.
[2026-09-27T13:08:52.521Z] [PID: 15828] [32m[NODE-CRON][32m [33m[WARN][0m missed execution at Sun Sep 27 2026 20:06:00 GMT+0700 (Indochina Time)! Possible blocking IO or high CPU user at the same process used by node-cron.
[2026-09-27T13:08:52.522Z] [PID: 15828] [32m[NODE-CRON][32m [33m[WARN][0m missed execution at Sun Sep 27 2026 20:07:00 GMT+0700 (Indochina Time)! Possible blocking IO or high CPU user at the same process used by node-cron.
[2026-09-27T13:08:52.524Z] [PID: 15828] [32m[NODE-CRON][32m [33m[WARN][0m missed execution at Sun Sep 27 2026 20:08:00 GMT+0700 (Indochina Time)! Possible blocking IO or high CPU user at the same process used by node-cron.
[2026-09-27T13:08:52.537Z] [PID: 15828] [32m[NODE-CRON][32m [33m[WARN][0m missed execution at Sun Sep 27 2026 18:41:00 GMT+0700 (Indochina Time)! Possible blocking IO or high CPU user at the same process used by node-cron.
[2026-09-27T13:08:52.539Z] [PID: 15828] [32m[NODE-CRON][32m [33m[WARN][0m missed execution at Sun Sep 27 2026 18:42:00 GMT+0700 (Indochina Time)! Possible blocking IO or high CPU user at the same process used by node-cron.
[2026-09-27T13:08:52.540Z] [PID: 15828] [32m[NODE-CRON][32m [33m[WARN][0m missed execution at Sun Sep 27 2026 18:43:00 GMT+0700 (Indochina Time)! Possible blocking IO or high CPU user at the same process used by node-cron.
[2026-09-27T13:08:52.542Z] [PID: 15828] [32m[NODE-CRON][32m [33m[WARN][0m missed execution at Sun Sep 27 2026 18:44:00 GMT+0700 (Indochina Time)! Possible blocking IO or high CPU user at the same process used by node-cron.
[2026-09-27T13:08:52.544Z] [PID: 15828] [32m[NODE-CRON][32m [33m[WARN][0m missed execution at Sun Sep 27 2026 18:45:00 GMT+0700 (Indochina Time)! Possible blocking IO or high CPU user at the same process used by node-cron.
[2026-09-27T13:08:52.546Z] [PID: 15828] [32m[NODE-CRON][32m [33m[WARN][0m missed execution at Sun Sep 27 2026 18:46:00 GMT+0700 (Indochina Time)! Possible blocking IO or high CPU user at the same process used by node-cron.
[2026-09-27T13:08:52.548Z] [PID: 15828] [32m[NODE-CRON][32m [33m[WARN][0m missed execution at Sun Sep 27 2026 18:47:00 GMT+0700 (Indochina Time)! Possible blocking IO or high CPU user at the same process used by node-cron.
[2026-09-27T13:08:52.549Z] [PID: 15828] [32m[NODE-CRON][32m [33m[WARN][0m missed execution at Sun Sep 27 2026 18:48:00 GMT+0700 (Indochina Time)! Possible blocking IO or high CPU user at the same process used by node-cron.
[2026-09-27T13:08:52.552Z] [PID: 15828] [32m[NODE-CRON][32m [33m[WARN][0m missed execution at Sun Sep 27 2026 18:49:00 GMT+0700 (Indochina Time)! Possible blocking IO or high CPU user at the same process used by node-cron.
[2026-09-27T13:08:52.555Z] [PID: 15828] [32m[NODE-CRON][32m [33m[WARN][0m missed execution at Sun Sep 27 2026 18:50:00 GMT+0700 (Indochina Time)! Possible blocking IO or high CPU user at the same process used by node-cron.
[2026-09-27T13:08:52.557Z] [PID: 15828] [32m[NODE-CRON][32m [33m[WARN][0m missed execution at Sun Sep 27 2026 18:51:00 GMT+0700 (Indochina Time)! Possible blocking IO or high CPU user at the same process used by node-cron.
[2026-09-27T13:08:52.560Z] [PID: 15828] [32m[NODE-CRON][32m [33m[WARN][0m missed execution at Sun Sep 27 2026 18:52:00 GMT+0700 (Indochina Time)! Possible blocking IO or high CPU user at the same process used by node-cron.
[2026-09-27T13:08:52.562Z] [PID: 15828] [32m[NODE-CRON][32m [33m[WARN][0m missed execution at Sun Sep 27 2026 18:53:00 GMT+0700 (Indochina Time)! Possible blocking IO or high CPU user at the same process used by node-cron.
[2026-09-27T13:08:52.564Z] [PID: 15828] [32m[NODE-CRON][32m [33m[WARN][0m missed execution at Sun Sep 27 2026 18:54:00 GMT+0700 (Indochina Time)! Possible blocking IO or high CPU user at the same process used by node-cron.
[2026-09-27T13:08:52.565Z] [PID: 15828] [32m[NODE-CRON][32m [33m[WARN][0m missed execution at Sun Sep 27 2026 18:55:00 GMT+0700 (Indochina Time)! Possible blocking IO or high CPU user at the same process used by node-cron.
[2026-09-27T13:08:52.566Z] [PID: 15828] [32m[NODE-CRON][32m [33m[WARN][0m missed execution at Sun Sep 27 2026 18:56:00 GMT+0700 (Indochina Time)! Possible blocking IO or high CPU user at the same process used by node-cron.
[2026-09-27T13:08:52.568Z] [PID: 15828] [32m[NODE-CRON][32m [33m[WARN][0m missed execution at Sun Sep 27 2026 18:57:00 GMT+0700 (Indochina Time)! Possible blocking IO or high CPU user at the same process used by node-cron.
[2026-09-27T13:08:52.570Z] [PID: 15828] [32m[NODE-CRON][32m [33m[WARN][0m missed execution at Sun Sep 27 2026 18:58:00 GMT+0700 (Indochina Time)! Possible blocking IO or high CPU user at the same process used by node-cron.
[2026-09-27T13:08:52.572Z] [PID: 15828] [32m[NODE-CRON][32m [33m[WARN][0m missed execution at Sun Sep 27 2026 18:59:00 GMT+0700 (Indochina Time)! Possible blocking IO or high CPU user at the same process used by node-cron.
[2026-09-27T13:08:52.573Z] [PID: 15828] [32m[NODE-CRON][32m [33m[WARN][0m missed execution at Sun Sep 27 2026 19:00:00 GMT+0700 (Indochina Time)! Possible blocking IO or high CPU user at the same process used by node-cron.
[2026-09-27T13:08:52.575Z] [PID: 15828] [32m[NODE-CRON][32m [33m[WARN][0m missed execution at Sun Sep 27 2026 19:01:00 GMT+0700 (Indochina Time)! Possible blocking IO or high CPU user at the same process used by node-cron.
[2026-09-27T13:08:52.576Z] [PID: 15828] [32m[NODE-CRON][32m [33m[WARN][0m missed execution at Sun Sep 27 2026 19:02:00 GMT+0700 (Indochina Time)! Possible blocking IO or high CPU user at the same process used by node-cron.
[2026-09-27T13:08:52.578Z] [PID: 15828] [32m[NODE-CRON][32m [33m[WARN][0m missed execution at Sun Sep 27 2026 19:03:00 GMT+0700 (Indochina Time)! Possible blocking IO or high CPU user at the same process used by node-cron.
[2026-09-27T13:08:52.580Z] [PID: 15828] [32m[NODE-CRON][32m [33m[WARN][0m missed execution at Sun Sep 27 2026 19:04:00 GMT+0700 (Indochina Time)! Possible blocking IO or high CPU user at the same process used by node-cron.
[2026-09-27T13:08:52.581Z] [PID: 15828] [32m[NODE-CRON][32m [33m[WARN][0m missed execution at Sun Sep 27 2026 19:05:00 GMT+0700 (Indochina Time)! Possible blocking IO or high CPU user at the same process used by node-cron.
[2026-09-27T13:08:52.585Z] [PID: 15828] [32m[NODE-CRON][32m [33m[WARN][0m missed execution at Sun Sep 27 2026 19:06:00 GMT+0700 (Indochina Time)! Possible blocking IO or high CPU user at the same process used by node-cron.
[2026-09-27T13:08:52.587Z] [PID: 15828] [32m[NODE-CRON][32m [33m[WARN][0m missed execution at Sun Sep 27 2026 19:07:00 GMT+0700 (Indochina Time)! Possible blocking IO or high CPU user at the same process used by node-cron.
[2026-09-27T13:08:52.588Z] [PID: 15828] [32m[NODE-CRON][32m [33m[WARN][0m missed execution at Sun Sep 27 2026 19:08:00 GMT+0700 (Indochina Time)! Possible blocking IO or high CPU user at the same process used by node-cron.
[2026-09-27T13:08:52.589Z] [PID: 15828] [32m[NODE-CRON][32m [33m[WARN][0m missed execution at Sun Sep 27 2026 19:09:00 GMT+0700 (Indochina Time)! Possible blocking IO or high CPU user at the same process used by node-cron.
[2026-09-27T13:08:52.590Z] [PID: 15828] [32m[NODE-CRON][32m [33m[WARN][0m missed execution at Sun Sep 27 2026 19:10:00 GMT+0700 (Indochina Time)! Possible blocking IO or high CPU user at the same process used by node-cron.
[2026-09-27T13:08:52.592Z] [PID: 15828] [32m[NODE-CRON][32m [33m[WARN][0m missed execution at Sun Sep 27 2026 19:11:00 GMT+0700 (Indochina Time)! Possible blocking IO or high CPU user at the same process used by node-cron.
[2026-09-27T13:08:52.593Z] [PID: 15828] [32m[NODE-CRON][32m [33m[WARN][0m missed execution at Sun Sep 27 2026 19:12:00 GMT+0700 (Indochina Time)! Possible blocking IO or high CPU user at the same process used by node-cron.
[2026-09-27T13:08:52.595Z] [PID: 15828] [32m[NODE-CRON][32m [33m[WARN][0m missed execution at Sun Sep 27 2026 19:13:00 GMT+0700 (Indochina Time)! Possible blocking IO or high CPU user at the same process used by node-cron.
[2026-09-27T13:08:52.597Z] [PID: 15828] [32m[NODE-CRON][32m [33m[WARN][0m missed execution at Sun Sep 27 2026 19:14:00 GMT+0700 (Indochina Time)! Possible blocking IO or high CPU user at the same process used by node-cron.
[2026-09-27T13:08:52.598Z] [PID: 15828] [32m[NODE-CRON][32m [33m[WARN][0m missed execution at Sun Sep 27 2026 19:15:00 GMT+0700 (Indochina Time)! Possible blocking IO or high CPU user at the same process used by node-cron.
[2026-09-27T13:08:52.602Z] [PID: 15828] [32m[NODE-CRON][32m [33m[WARN][0m missed execution at Sun Sep 27 2026 19:16:00 GMT+0700 (Indochina Time)! Possible blocking IO or high CPU user at the same process used by node-cron.
[2026-09-27T13:08:52.604Z] [PID: 15828] [32m[NODE-CRON][32m [33m[WARN][0m missed execution at Sun Sep 27 2026 19:17:00 GMT+0700 (Indochina Time)! Possible blocking IO or high CPU user at the same process used by node-cron.
[2026-09-27T13:08:52.605Z] [PID: 15828] [32m[NODE-CRON][32m [33m[WARN][0m missed execution at Sun Sep 27 2026 19:18:00 GMT+0700 (Indochina Time)! Possible blocking IO or high CPU user at the same process used by node-cron.
[2026-09-27T13:08:52.606Z] [PID: 15828] [32m[NODE-CRON][32m [33m[WARN][0m missed execution at Sun Sep 27 2026 19:19:00 GMT+0700 (Indochina Time)! Possible blocking IO or high CPU user at the same process used by node-cron.
[2026-09-27T13:08:52.607Z] [PID: 15828] [32m[NODE-CRON][32m [33m[WARN][0m missed execution at Sun Sep 27 2026 19:20:00 GMT+0700 (Indochina Time)! Possible blocking IO or high CPU user at the same process used by node-cron.
[2026-09-27T13:08:52.607Z] [PID: 15828] [32m[NODE-CRON][32m [33m[WARN][0m missed execution at Sun Sep 27 2026 19:21:00 GMT+0700 (Indochina Time)! Possible blocking IO or high CPU user at the same process used by node-cron.
[2026-09-27T13:08:52.608Z] [PID: 15828] [32m[NODE-CRON][32m [33m[WARN][0m missed execution at Sun Sep 27 2026 19:22:00 GMT+0700 (Indochina Time)! Possible blocking IO or high CPU user at the same process used by node-cron.
[2026-09-27T13:08:52.608Z] [PID: 15828] [32m[NODE-CRON][32m [33m[WARN][0m missed execution at Sun Sep 27 2026 19:23:00 GMT+0700 (Indochina Time)! Possible blocking IO or high CPU user at the same process used by node-cron.
[2026-09-27T13:08:52.609Z] [PID: 15828] [32m[NODE-CRON][32m [33m[WARN][0m missed execution at Sun Sep 27 2026 19:24:00 GMT+0700 (Indochina Time)! Possible blocking IO or high CPU user at the same process used by node-cron.
[2026-09-27T13:08:52.610Z] [PID: 15828] [32m[NODE-CRON][32m [33m[WARN][0m missed execution at Sun Sep 27 2026 19:25:00 GMT+0700 (Indochina Time)! Possible blocking IO or high CPU user at the same process used by node-cron.
[2026-09-27T13:08:52.611Z] [PID: 15828] [32m[NODE-CRON][32m [33m[WARN][0m missed execution at Sun Sep 27 2026 19:26:00 GMT+0700 (Indochina Time)! Possible blocking IO or high CPU user at the same process used by node-cron.
[2026-09-27T13:08:52.612Z] [PID: 15828] [32m[NODE-CRON][32m [33m[WARN][0m missed execution at Sun Sep 27 2026 19:27:00 GMT+0700 (Indochina Time)! Possible blocking IO or high CPU user at the same process used by node-cron.
[2026-09-27T13:08:52.614Z] [PID: 15828] [32m[NODE-CRON][32m [33m[WARN][0m missed execution at Sun Sep 27 2026 19:28:00 GMT+0700 (Indochina Time)! Possible blocking IO or high CPU user at the same process used by node-cron.
[2026-09-27T13:08:52.614Z] [PID: 15828] [32m[NODE-CRON][32m [33m[WARN][0m missed execution at Sun Sep 27 2026 19:29:00 GMT+0700 (Indochina Time)! Possible blocking IO or high CPU user at the same process used by node-cron.
[2026-09-27T13:08:52.615Z] [PID: 15828] [32m[NODE-CRON][32m [33m[WARN][0m missed execution at Sun Sep 27 2026 19:30:00 GMT+0700 (Indochina Time)! Possible blocking IO or high CPU user at the same process used by node-cron.
[2026-09-27T13:08:52.615Z] [PID: 15828] [32m[NODE-CRON][32m [33m[WARN][0m missed execution at Sun Sep 27 2026 19:31:00 GMT+0700 (Indochina Time)! Possible blocking IO or high CPU user at the same process used by node-cron.
[2026-09-27T13:08:52.616Z] [PID: 15828] [32m[NODE-CRON][32m [33m[WARN][0m missed execution at Sun Sep 27 2026 19:32:00 GMT+0700 (Indochina Time)! Possible blocking IO or high CPU user at the same process used by node-cron.
[2026-09-27T13:08:52.616Z] [PID: 15828] [32m[NODE-CRON][32m [33m[WARN][0m missed execution at Sun Sep 27 2026 19:33:00 GMT+0700 (Indochina Time)! Possible blocking IO or high CPU user at the same process used by node-cron.
[2026-09-27T13:08:52.617Z] [PID: 15828] [32m[NODE-CRON][32m [33m[WARN][0m missed execution at Sun Sep 27 2026 19:34:00 GMT+0700 (Indochina Time)! Possible blocking IO or high CPU user at the same process used by node-cron.
[2026-09-27T13:08:52.618Z] [PID: 15828] [32m[NODE-CRON][32m [33m[WARN][0m missed execution at Sun Sep 27 2026 19:35:00 GMT+0700 (Indochina Time)! Possible blocking IO or high CPU user at the same process used by node-cron.
[2026-09-27T13:08:52.619Z] [PID: 15828] [32m[NODE-CRON][32m [33m[WARN][0m missed execution at Sun Sep 27 2026 19:36:00 GMT+0700 (Indochina Time)! Possible blocking IO or high CPU user at the same process used by node-cron.
[2026-09-27T13:08:52.621Z] [PID: 15828] [32m[NODE-CRON][32m [33m[WARN][0m missed execution at Sun Sep 27 2026 19:37:00 GMT+0700 (Indochina Time)! Possible blocking IO or high CPU user at the same process used by node-cron.
[2026-09-27T13:08:52.622Z] [PID: 15828] [32m[NODE-CRON][32m [33m[WARN][0m missed execution at Sun Sep 27 2026 19:38:00 GMT+0700 (Indochina Time)! Possible blocking IO or high CPU user at the same process used by node-cron.
[2026-09-27T13:08:52.623Z] [PID: 15828] [32m[NODE-CRON][32m [33m[WARN][0m missed execution at Sun Sep 27 2026 19:39:00 GMT+0700 (Indochina Time)! Possible blocking IO or high CPU user at the same process used by node-cron.
[2026-09-27T13:08:52.624Z] [PID: 15828] [32m[NODE-CRON][32m [33m[WARN][0m missed execution at Sun Sep 27 2026 19:40:00 GMT+0700 (Indochina Time)! Possible blocking IO or high CPU user at the same process used by node-cron.
[2026-09-27T13:08:52.627Z] [PID: 15828] [32m[NODE-CRON][32m [33m[WARN][0m missed execution at Sun Sep 27 2026 19:41:00 GMT+0700 (Indochina Time)! Possible blocking IO or high CPU user at the same process used by node-cron.
[2026-09-27T13:08:52.632Z] [PID: 15828] [32m[NODE-CRON][32m [33m[WARN][0m missed execution at Sun Sep 27 2026 19:42:00 GMT+0700 (Indochina Time)! Possible blocking IO or high CPU user at the same process used by node-cron.
[2026-09-27T13:08:52.643Z] [PID: 15828] [32m[NODE-CRON][32m [33m[WARN][0m missed execution at Sun Sep 27 2026 19:43:00 GMT+0700 (Indochina Time)! Possible blocking IO or high CPU user at the same process used by node-cron.
[2026-09-27T13:08:52.645Z] [PID: 15828] [32m[NODE-CRON][32m [33m[WARN][0m missed execution at Sun Sep 27 2026 19:44:00 GMT+0700 (Indochina Time)! Possible blocking IO or high CPU user at the same process used by node-cron.
[2026-09-27T13:08:52.648Z] [PID: 15828] [32m[NODE-CRON][32m [33m[WARN][0m missed execution at Sun Sep 27 2026 19:45:00 GMT+0700 (Indochina Time)! Possible blocking IO or high CPU user at the same process used by node-cron.
[2026-09-27T13:08:52.650Z] [PID: 15828] [32m[NODE-CRON][32m [33m[WARN][0m missed execution at Sun Sep 27 2026 19:46:00 GMT+0700 (Indochina Time)! Possible blocking IO or high CPU user at the same process used by node-cron.
[2026-09-27T13:08:52.654Z] [PID: 15828] [32m[NODE-CRON][32m [33m[WARN][0m missed execution at Sun Sep 27 2026 19:47:00 GMT+0700 (Indochina Time)! Possible blocking IO or high CPU user at the same process used by node-cron.
[2026-09-27T13:08:52.656Z] [PID: 15828] [32m[NODE-CRON][32m [33m[WARN][0m missed execution at Sun Sep 27 2026 19:48:00 GMT+0700 (Indochina Time)! Possible blocking IO or high CPU user at the same process used by node-cron.
[2026-09-27T13:08:52.658Z] [PID: 15828] [32m[NODE-CRON][32m [33m[WARN][0m missed execution at Sun Sep 27 2026 19:49:00 GMT+0700 (Indochina Time)! Possible blocking IO or high CPU user at the same process used by node-cron.
[2026-09-27T13:08:52.661Z] [PID: 15828] [32m[NODE-CRON][32m [33m[WARN][0m missed execution at Sun Sep 27 2026 19:50:00 GMT+0700 (Indochina Time)! Possible blocking IO or high CPU user at the same process used by node-cron.
[2026-09-27T13:08:52.665Z] [PID: 15828] [32m[NODE-CRON][32m [33m[WARN][0m missed execution at Sun Sep 27 2026 19:51:00 GMT+0700 (Indochina Time)! Possible blocking IO or high CPU user at the same process used by node-cron.
[2026-09-27T13:08:52.670Z] [PID: 15828] [32m[NODE-CRON][32m [33m[WARN][0m missed execution at Sun Sep 27 2026 19:52:00 GMT+0700 (Indochina Time)! Possible blocking IO or high CPU user at the same process used by node-cron.
[2026-09-27T13:08:52.671Z] [PID: 15828] [32m[NODE-CRON][32m [33m[WARN][0m missed execution at Sun Sep 27 2026 19:53:00 GMT+0700 (Indochina Time)! Possible blocking IO or high CPU user at the same process used by node-cron.
[2026-09-27T13:08:52.673Z] [PID: 15828] [32m[NODE-CRON][32m [33m[WARN][0m missed execution at Sun Sep 27 2026 19:54:00 GMT+0700 (Indochina Time)! Possible blocking IO or high CPU user at the same process used by node-cron.
[2026-09-27T13:08:52.675Z] [PID: 15828] [32m[NODE-CRON][32m [33m[WARN][0m missed execution at Sun Sep 27 2026 19:55:00 GMT+0700 (Indochina Time)! Possible blocking IO or high CPU user at the same process used by node-cron.
[2026-09-27T13:08:52.678Z] [PID: 15828] [32m[NODE-CRON][32m [33m[WARN][0m missed execution at Sun Sep 27 2026 19:56:00 GMT+0700 (Indochina Time)! Possible blocking IO or high CPU user at the same process used by node-cron.
[2026-09-27T13:08:52.680Z] [PID: 15828] [32m[NODE-CRON][32m [33m[WARN][0m missed execution at Sun Sep 27 2026 19:57:00 GMT+0700 (Indochina Time)! Possible blocking IO or high CPU user at the same process used by node-cron.
[2026-09-27T13:08:52.682Z] [PID: 15828] [32m[NODE-CRON][32m [33m[WARN][0m missed execution at Sun Sep 27 2026 19:58:00 GMT+0700 (Indochina Time)! Possible blocking IO or high CPU user at the same process used by node-cron.
[2026-09-27T13:08:52.686Z] [PID: 15828] [32m[NODE-CRON][32m [33m[WARN][0m missed execution at Sun Sep 27 2026 19:59:00 GMT+0700 (Indochina Time)! Possible blocking IO or high CPU user at the same process used by node-cron.
[2026-09-27T13:08:52.691Z] [PID: 15828] [32m[NODE-CRON][32m [33m[WARN][0m missed execution at Sun Sep 27 2026 20:00:00 GMT+0700 (Indochina Time)! Possible blocking IO or high CPU user at the same process used by node-cron.
[2026-09-27T13:08:52.693Z] [PID: 15828] [32m[NODE-CRON][32m [33m[WARN][0m missed execution at Sun Sep 27 2026 20:01:00 GMT+0700 (Indochina Time)! Possible blocking IO or high CPU user at the same process used by node-cron.
[2026-09-27T13:08:52.695Z] [PID: 15828] [32m[NODE-CRON][32m [33m[WARN][0m missed execution at Sun Sep 27 2026 20:02:00 GMT+0700 (Indochina Time)! Possible blocking IO or high CPU user at the same process used by node-cron.
[2026-09-27T13:08:52.697Z] [PID: 15828] [32m[NODE-CRON][32m [33m[WARN][0m missed execution at Sun Sep 27 2026 20:03:00 GMT+0700 (Indochina Time)! Possible blocking IO or high CPU user at the same process used by node-cron.
[2026-09-27T13:08:52.699Z] [PID: 15828] [32m[NODE-CRON][32m [33m[WARN][0m missed execution at Sun Sep 27 2026 20:04:00 GMT+0700 (Indochina Time)! Possible blocking IO or high CPU user at the same process used by node-cron.
[2026-09-27T13:08:52.703Z] [PID: 15828] [32m[NODE-CRON][32m [33m[WARN][0m missed execution at Sun Sep 27 2026 20:05:00 GMT+0700 (Indochina Time)! Possible blocking IO or high CPU user at the same process used by node-cron.
[2026-09-27T13:08:52.712Z] [PID: 15828] [32m[NODE-CRON][32m [33m[WARN][0m missed execution at Sun Sep 27 2026 20:06:00 GMT+0700 (Indochina Time)! Possible blocking IO or high CPU user at the same process used by node-cron.
[2026-09-27T13:08:52.715Z] [PID: 15828] [32m[NODE-CRON][32m [33m[WARN][0m missed execution at Sun Sep 27 2026 20:07:00 GMT+0700 (Indochina Time)! Possible blocking IO or high CPU user at the same process used by node-cron.
[2026-09-27T13:08:52.723Z] [PID: 15828] [32m[NODE-CRON][32m [33m[WARN][0m missed execution at Sun Sep 27 2026 20:08:00 GMT+0700 (Indochina Time)! Possible blocking IO or high CPU user at the same process used by node-cron.
[2026-09-27T13:08:52.739Z] [PID: 15828] [32m[NODE-CRON][32m [33m[WARN][0m missed execution at Sun Sep 27 2026 18:41:00 GMT+0700 (Indochina Time)! Possible blocking IO or high CPU user at the same process used by node-cron.
[2026-09-27T13:08:52.741Z] [PID: 15828] [32m[NODE-CRON][32m [33m[WARN][0m missed execution at Sun Sep 27 2026 18:42:00 GMT+0700 (Indochina Time)! Possible blocking IO or high CPU user at the same process used by node-cron.
[2026-09-27T13:08:52.744Z] [PID: 15828] [32m[NODE-CRON][32m [33m[WARN][0m missed execution at Sun Sep 27 2026 18:43:00 GMT+0700 (Indochina Time)! Possible blocking IO or high CPU user at the same process used by node-cron.
[2026-09-27T13:08:52.746Z] [PID: 15828] [32m[NODE-CRON][32m [33m[WARN][0m missed execution at Sun Sep 27 2026 18:44:00 GMT+0700 (Indochina Time)! Possible blocking IO or high CPU user at the same process used by node-cron.
[2026-09-27T13:08:52.748Z] [PID: 15828] [32m[NODE-CRON][32m [33m[WARN][0m missed execution at Sun Sep 27 2026 18:45:00 GMT+0700 (Indochina Time)! Possible blocking IO or high CPU user at the same process used by node-cron.
[2026-09-27T13:08:52.752Z] [PID: 15828] [32m[NODE-CRON][32m [33m[WARN][0m missed execution at Sun Sep 27 2026 18:46:00 GMT+0700 (Indochina Time)! Possible blocking IO or high CPU user at the same process used by node-cron.
[2026-09-27T13:08:52.756Z] [PID: 15828] [32m[NODE-CRON][32m [33m[WARN][0m missed execution at Sun Sep 27 2026 18:47:00 GMT+0700 (Indochina Time)! Possible blocking IO or high CPU user at the same process used by node-cron.
[2026-09-27T13:08:52.758Z] [PID: 15828] [32m[NODE-CRON][32m [33m[WARN][0m missed execution at Sun Sep 27 2026 18:48:00 GMT+0700 (Indochina Time)! Possible blocking IO or high CPU user at the same process used by node-cron.
[2026-09-27T13:08:52.760Z] [PID: 15828] [32m[NODE-CRON][32m [33m[WARN][0m missed execution at Sun Sep 27 2026 18:49:00 GMT+0700 (Indochina Time)! Possible blocking IO or high CPU user at the same process used by node-cron.
[2026-09-27T13:08:52.763Z] [PID: 15828] [32m[NODE-CRON][32m [33m[WARN][0m missed execution at Sun Sep 27 2026 18:50:00 GMT+0700 (Indochina Time)! Possible blocking IO or high CPU user at the same process used by node-cron.
[2026-09-27T13:08:52.768Z] [PID: 15828] [32m[NODE-CRON][32m [33m[WARN][0m missed execution at Sun Sep 27 2026 18:51:00 GMT+0700 (Indochina Time)! Possible blocking IO or high CPU user at the same process used by node-cron.
[2026-09-27T13:08:52.772Z] [PID: 15828] [32m[NODE-CRON][32m [33m[WARN][0m missed execution at Sun Sep 27 2026 18:52:00 GMT+0700 (Indochina Time)! Possible blocking IO or high CPU user at the same process used by node-cron.
[2026-09-27T13:08:52.775Z] [PID: 15828] [32m[NODE-CRON][32m [33m[WARN][0m missed execution at Sun Sep 27 2026 18:53:00 GMT+0700 (Indochina Time)! Possible blocking IO or high CPU user at the same process used by node-cron.
[2026-09-27T13:08:52.778Z] [PID: 15828] [32m[NODE-CRON][32m [33m[WARN][0m missed execution at Sun Sep 27 2026 18:54:00 GMT+0700 (Indochina Time)! Possible blocking IO or high CPU user at the same process used by node-cron.
[2026-09-27T13:08:52.782Z] [PID: 15828] [32m[NODE-CRON][32m [33m[WARN][0m missed execution at Sun Sep 27 2026 18:55:00 GMT+0700 (Indochina Time)! Possible blocking IO or high CPU user at the same process used by node-cron.
[2026-09-27T13:08:52.785Z] [PID: 15828] [32m[NODE-CRON][32m [33m[WARN][0m missed execution at Sun Sep 27 2026 18:56:00 GMT+0700 (Indochina Time)! Possible blocking IO or high CPU user at the same process used by node-cron.
[2026-09-27T13:08:52.788Z] [PID: 15828] [32m[NODE-CRON][32m [33m[WARN][0m missed execution at Sun Sep 27 2026 18:57:00 GMT+0700 (Indochina Time)! Possible blocking IO or high CPU user at the same process used by node-cron.
[2026-09-27T13:08:52.790Z] [PID: 15828] [32m[NODE-CRON][32m [33m[WARN][0m missed execution at Sun Sep 27 2026 18:58:00 GMT+0700 (Indochina Time)! Possible blocking IO or high CPU user at the same process used by node-cron.
[2026-09-27T13:08:52.793Z] [PID: 15828] [32m[NODE-CRON][32m [33m[WARN][0m missed execution at Sun Sep 27 2026 18:59:00 GMT+0700 (Indochina Time)! Possible blocking IO or high CPU user at the same process used by node-cron.
[2026-09-27T13:08:52.795Z] [PID: 15828] [32m[NODE-CRON][32m [33m[WARN][0m missed execution at Sun Sep 27 2026 19:00:00 GMT+0700 (Indochina Time)! Possible blocking IO or high CPU user at the same process used by node-cron.
[2026-09-27T13:08:52.797Z] [PID: 15828] [32m[NODE-CRON][32m [33m[WARN][0m missed execution at Sun Sep 27 2026 19:01:00 GMT+0700 (Indochina Time)! Possible blocking IO or high CPU user at the same process used by node-cron.
[2026-09-27T13:08:52.800Z] [PID: 15828] [32m[NODE-CRON][32m [33m[WARN][0m missed execution at Sun Sep 27 2026 19:02:00 GMT+0700 (Indochina Time)! Possible blocking IO or high CPU user at the same process used by node-cron.
[2026-09-27T13:08:52.801Z] [PID: 15828] [32m[NODE-CRON][32m [33m[WARN][0m missed execution at Sun Sep 27 2026 19:03:00 GMT+0700 (Indochina Time)! Possible blocking IO or high CPU user at the same process used by node-cron.
[2026-09-27T13:08:52.803Z] [PID: 15828] [32m[NODE-CRON][32m [33m[WARN][0m missed execution at Sun Sep 27 2026 19:04:00 GMT+0700 (Indochina Time)! Possible blocking IO or high CPU user at the same process used by node-cron.
[2026-09-27T13:08:52.805Z] [PID: 15828] [32m[NODE-CRON][32m [33m[WARN][0m missed execution at Sun Sep 27 2026 19:05:00 GMT+0700 (Indochina Time)! Possible blocking IO or high CPU user at the same process used by node-cron.
[2026-09-27T13:08:52.808Z] [PID: 15828] [32m[NODE-CRON][32m [33m[WARN][0m missed execution at Sun Sep 27 2026 19:06:00 GMT+0700 (Indochina Time)! Possible blocking IO or high CPU user at the same process used by node-cron.
[2026-09-27T13:08:52.810Z] [PID: 15828] [32m[NODE-CRON][32m [33m[WARN][0m missed execution at Sun Sep 27 2026 19:07:00 GMT+0700 (Indochina Time)! Possible blocking IO or high CPU user at the same process used by node-cron.
[2026-09-27T13:08:52.811Z] [PID: 15828] [32m[NODE-CRON][32m [33m[WARN][0m missed execution at Sun Sep 27 2026 19:08:00 GMT+0700 (Indochina Time)! Possible blocking IO or high CPU user at the same process used by node-cron.
[2026-09-27T13:08:52.814Z] [PID: 15828] [32m[NODE-CRON][32m [33m[WARN][0m missed execution at Sun Sep 27 2026 19:09:00 GMT+0700 (Indochina Time)! Possible blocking IO or high CPU user at the same process used by node-cron.
[2026-09-27T13:08:52.816Z] [PID: 15828] [32m[NODE-CRON][32m [33m[WARN][0m missed execution at Sun Sep 27 2026 19:10:00 GMT+0700 (Indochina Time)! Possible blocking IO or high CPU user at the same process used by node-cron.
[2026-09-27T13:08:52.818Z] [PID: 15828] [32m[NODE-CRON][32m [33m[WARN][0m missed execution at Sun Sep 27 2026 19:11:00 GMT+0700 (Indochina Time)! Possible blocking IO or high CPU user at the same process used by node-cron.
[2026-09-27T13:08:52.821Z] [PID: 15828] [32m[NODE-CRON][32m [33m[WARN][0m missed execution at Sun Sep 27 2026 19:12:00 GMT+0700 (Indochina Time)! Possible blocking IO or high CPU user at the same process used by node-cron.
[2026-09-27T13:08:52.823Z] [PID: 15828] [32m[NODE-CRON][32m [33m[WARN][0m missed execution at Sun Sep 27 2026 19:13:00 GMT+0700 (Indochina Time)! Possible blocking IO or high CPU user at the same process used by node-cron.
[2026-09-27T13:08:52.824Z] [PID: 15828] [32m[NODE-CRON][32m [33m[WARN][0m missed execution at Sun Sep 27 2026 19:14:00 GMT+0700 (Indochina Time)! Possible blocking IO or high CPU user at the same process used by node-cron.
[2026-09-27T13:08:52.827Z] [PID: 15828] [32m[NODE-CRON][32m [33m[WARN][0m missed execution at Sun Sep 27 2026 19:15:00 GMT+0700 (Indochina Time)! Possible blocking IO or high CPU user at the same process used by node-cron.
[2026-09-27T13:08:52.829Z] [PID: 15828] [32m[NODE-CRON][32m [33m[WARN][0m missed execution at Sun Sep 27 2026 19:16:00 GMT+0700 (Indochina Time)! Possible blocking IO or high CPU user at the same process used by node-cron.
[2026-09-27T13:08:52.830Z] [PID: 15828] [32m[NODE-CRON][32m [33m[WARN][0m missed execution at Sun Sep 27 2026 19:17:00 GMT+0700 (Indochina Time)! Possible blocking IO or high CPU user at the same process used by node-cron.
[2026-09-27T13:08:52.830Z] [PID: 15828] [32m[NODE-CRON][32m [33m[WARN][0m missed execution at Sun Sep 27 2026 19:18:00 GMT+0700 (Indochina Time)! Possible blocking IO or high CPU user at the same process used by node-cron.
[2026-09-27T13:08:52.831Z] [PID: 15828] [32m[NODE-CRON][32m [33m[WARN][0m missed execution at Sun Sep 27 2026 19:19:00 GMT+0700 (Indochina Time)! Possible blocking IO or high CPU user at the same process used by node-cron.
[2026-09-27T13:08:52.833Z] [PID: 15828] [32m[NODE-CRON][32m [33m[WARN][0m missed execution at Sun Sep 27 2026 19:20:00 GMT+0700 (Indochina Time)! Possible blocking IO or high CPU user at the same process used by node-cron.
[2026-09-27T13:08:52.834Z] [PID: 15828] [32m[NODE-CRON][32m [33m[WARN][0m missed execution at Sun Sep 27 2026 19:21:00 GMT+0700 (Indochina Time)! Possible blocking IO or high CPU user at the same process used by node-cron.
[2026-09-27T13:08:52.836Z] [PID: 15828] [32m[NODE-CRON][32m [33m[WARN][0m missed execution at Sun Sep 27 2026 19:22:00 GMT+0700 (Indochina Time)! Possible blocking IO or high CPU user at the same process used by node-cron.
[2026-09-27T13:08:52.837Z] [PID: 15828] [32m[NODE-CRON][32m [33m[WARN][0m missed execution at Sun Sep 27 2026 19:23:00 GMT+0700 (Indochina Time)! Possible blocking IO or high CPU user at the same process used by node-cron.
[2026-09-27T13:08:52.837Z] [PID: 15828] [32m[NODE-CRON][32m [33m[WARN][0m missed execution at Sun Sep 27 2026 19:24:00 GMT+0700 (Indochina Time)! Possible blocking IO or high CPU user at the same process used by node-cron.
[2026-09-27T13:08:52.838Z] [PID: 15828] [32m[NODE-CRON][32m [33m[WARN][0m missed execution at Sun Sep 27 2026 19:25:00 GMT+0700 (Indochina Time)! Possible blocking IO or high CPU user at the same process used by node-cron.
[2026-09-27T13:08:52.839Z] [PID: 15828] [32m[NODE-CRON][32m [33m[WARN][0m missed execution at Sun Sep 27 2026 19:26:00 GMT+0700 (Indochina Time)! Possible blocking IO or high CPU user at the same process used by node-cron.
[2026-09-27T13:08:52.839Z] [PID: 15828] [32m[NODE-CRON][32m [33m[WARN][0m missed execution at Sun Sep 27 2026 19:27:00 GMT+0700 (Indochina Time)! Possible blocking IO or high CPU user at the same process used by node-cron.
[2026-09-27T13:08:52.840Z] [PID: 15828] [32m[NODE-CRON][32m [33m[WARN][0m missed execution at Sun Sep 27 2026 19:28:00 GMT+0700 (Indochina Time)! Possible blocking IO or high CPU user at the same process used by node-cron.
[2026-09-27T13:08:52.840Z] [PID: 15828] [32m[NODE-CRON][32m [33m[WARN][0m missed execution at Sun Sep 27 2026 19:29:00 GMT+0700 (Indochina Time)! Possible blocking IO or high CPU user at the same process used by node-cron.
[2026-09-27T13:08:52.841Z] [PID: 15828] [32m[NODE-CRON][32m [33m[WARN][0m missed execution at Sun Sep 27 2026 19:30:00 GMT+0700 (Indochina Time)! Possible blocking IO or high CPU user at the same process used by node-cron.
[2026-09-27T13:08:52.842Z] [PID: 15828] [32m[NODE-CRON][32m [33m[WARN][0m missed execution at Sun Sep 27 2026 19:31:00 GMT+0700 (Indochina Time)! Possible blocking IO or high CPU user at the same process used by node-cron.
[2026-09-27T13:08:52.845Z] [PID: 15828] [32m[NODE-CRON][32m [33m[WARN][0m missed execution at Sun Sep 27 2026 19:32:00 GMT+0700 (Indochina Time)! Possible blocking IO or high CPU user at the same process used by node-cron.
[2026-09-27T13:08:52.846Z] [PID: 15828] [32m[NODE-CRON][32m [33m[WARN][0m missed execution at Sun Sep 27 2026 19:33:00 GMT+0700 (Indochina Time)! Possible blocking IO or high CPU user at the same process used by node-cron.
[2026-09-27T13:08:52.853Z] [PID: 15828] [32m[NODE-CRON][32m [33m[WARN][0m missed execution at Sun Sep 27 2026 19:34:00 GMT+0700 (Indochina Time)! Possible blocking IO or high CPU user at the same process used by node-cron.
[2026-09-27T13:08:52.855Z] [PID: 15828] [32m[NODE-CRON][32m [33m[WARN][0m missed execution at Sun Sep 27 2026 19:35:00 GMT+0700 (Indochina Time)! Possible blocking IO or high CPU user at the same process used by node-cron.
[2026-09-27T13:08:52.856Z] [PID: 15828] [32m[NODE-CRON][32m [33m[WARN][0m missed execution at Sun Sep 27 2026 19:36:00 GMT+0700 (Indochina Time)! Possible blocking IO or high CPU user at the same process used by node-cron.
[2026-09-27T13:08:52.858Z] [PID: 15828] [32m[NODE-CRON][32m [33m[WARN][0m missed execution at Sun Sep 27 2026 19:37:00 GMT+0700 (Indochina Time)! Possible blocking IO or high CPU user at the same process used by node-cron.
[2026-09-27T13:08:52.859Z] [PID: 15828] [32m[NODE-CRON][32m [33m[WARN][0m missed execution at Sun Sep 27 2026 19:38:00 GMT+0700 (Indochina Time)! Possible blocking IO or high CPU user at the same process used by node-cron.
[2026-09-27T13:08:52.862Z] [PID: 15828] [32m[NODE-CRON][32m [33m[WARN][0m missed execution at Sun Sep 27 2026 19:39:00 GMT+0700 (Indochina Time)! Possible blocking IO or high CPU user at the same process used by node-cron.
[2026-09-27T13:08:52.863Z] [PID: 15828] [32m[NODE-CRON][32m [33m[WARN][0m missed execution at Sun Sep 27 2026 19:40:00 GMT+0700 (Indochina Time)! Possible blocking IO or high CPU user at the same process used by node-cron.
[2026-09-27T13:08:52.871Z] [PID: 15828] [32m[NODE-CRON][32m [33m[WARN][0m missed execution at Sun Sep 27 2026 19:41:00 GMT+0700 (Indochina Time)! Possible blocking IO or high CPU user at the same process used by node-cron.
[2026-09-27T13:08:52.875Z] [PID: 15828] [32m[NODE-CRON][32m [33m[WARN][0m missed execution at Sun Sep 27 2026 19:42:00 GMT+0700 (Indochina Time)! Possible blocking IO or high CPU user at the same process used by node-cron.
[2026-09-27T13:08:52.878Z] [PID: 15828] [32m[NODE-CRON][32m [33m[WARN][0m missed execution at Sun Sep 27 2026 19:43:00 GMT+0700 (Indochina Time)! Possible blocking IO or high CPU user at the same process used by node-cron.
[2026-09-27T13:08:52.880Z] [PID: 15828] [32m[NODE-CRON][32m [33m[WARN][0m missed execution at Sun Sep 27 2026 19:44:00 GMT+0700 (Indochina Time)! Possible blocking IO or high CPU user at the same process used by node-cron.
[2026-09-27T13:08:52.884Z] [PID: 15828] [32m[NODE-CRON][32m [33m[WARN][0m missed execution at Sun Sep 27 2026 19:45:00 GMT+0700 (Indochina Time)! Possible blocking IO or high CPU user at the same process used by node-cron.
[2026-09-27T13:08:52.888Z] [PID: 15828] [32m[NODE-CRON][32m [33m[WARN][0m missed execution at Sun Sep 27 2026 19:46:00 GMT+0700 (Indochina Time)! Possible blocking IO or high CPU user at the same process used by node-cron.
[2026-09-27T13:08:52.890Z] [PID: 15828] [32m[NODE-CRON][32m [33m[WARN][0m missed execution at Sun Sep 27 2026 19:47:00 GMT+0700 (Indochina Time)! Possible blocking IO or high CPU user at the same process used by node-cron.
[2026-09-27T13:08:52.892Z] [PID: 15828] [32m[NODE-CRON][32m [33m[WARN][0m missed execution at Sun Sep 27 2026 19:48:00 GMT+0700 (Indochina Time)! Possible blocking IO or high CPU user at the same process used by node-cron.
[2026-09-27T13:08:52.892Z] [PID: 15828] [32m[NODE-CRON][32m [33m[WARN][0m missed execution at Sun Sep 27 2026 19:49:00 GMT+0700 (Indochina Time)! Possible blocking IO or high CPU user at the same process used by node-cron.
[2026-09-27T13:08:52.893Z] [PID: 15828] [32m[NODE-CRON][32m [33m[WARN][0m missed execution at Sun Sep 27 2026 19:50:00 GMT+0700 (Indochina Time)! Possible blocking IO or high CPU user at the same process used by node-cron.
[2026-09-27T13:08:52.894Z] [PID: 15828] [32m[NODE-CRON][32m [33m[WARN][0m missed execution at Sun Sep 27 2026 19:51:00 GMT+0700 (Indochina Time)! Possible blocking IO or high CPU user at the same process used by node-cron.
[2026-09-27T13:08:52.895Z] [PID: 15828] [32m[NODE-CRON][32m [33m[WARN][0m missed execution at Sun Sep 27 2026 19:52:00 GMT+0700 (Indochina Time)! Possible blocking IO or high CPU user at the same process used by node-cron.
[2026-09-27T13:08:52.897Z] [PID: 15828] [32m[NODE-CRON][32m [33m[WARN][0m missed execution at Sun Sep 27 2026 19:53:00 GMT+0700 (Indochina Time)! Possible blocking IO or high CPU user at the same process used by node-cron.
[2026-09-27T13:08:52.900Z] [PID: 15828] [32m[NODE-CRON][32m [33m[WARN][0m missed execution at Sun Sep 27 2026 19:54:00 GMT+0700 (Indochina Time)! Possible blocking IO or high CPU user at the same process used by node-cron.
[2026-09-27T13:08:52.903Z] [PID: 15828] [32m[NODE-CRON][32m [33m[WARN][0m missed execution at Sun Sep 27 2026 19:55:00 GMT+0700 (Indochina Time)! Possible blocking IO or high CPU user at the same process used by node-cron.
[2026-09-27T13:08:52.905Z] [PID: 15828] [32m[NODE-CRON][32m [33m[WARN][0m missed execution at Sun Sep 27 2026 19:56:00 GMT+0700 (Indochina Time)! Possible blocking IO or high CPU user at the same process used by node-cron.
[2026-09-27T13:08:52.906Z] [PID: 15828] [32m[NODE-CRON][32m [33m[WARN][0m missed execution at Sun Sep 27 2026 19:57:00 GMT+0700 (Indochina Time)! Possible blocking IO or high CPU user at the same process used by node-cron.
[2026-09-27T13:08:52.907Z] [PID: 15828] [32m[NODE-CRON][32m [33m[WARN][0m missed execution at Sun Sep 27 2026 19:58:00 GMT+0700 (Indochina Time)! Possible blocking IO or high CPU user at the same process used by node-cron.
[2026-09-27T13:08:52.908Z] [PID: 15828] [32m[NODE-CRON][32m [33m[WARN][0m missed execution at Sun Sep 27 2026 19:59:00 GMT+0700 (Indochina Time)! Possible blocking IO or high CPU user at the same process used by node-cron.
[2026-09-27T13:08:52.909Z] [PID: 15828] [32m[NODE-CRON][32m [33m[WARN][0m missed execution at Sun Sep 27 2026 20:00:00 GMT+0700 (Indochina Time)! Possible blocking IO or high CPU user at the same process used by node-cron.
[2026-09-27T13:08:52.911Z] [PID: 15828] [32m[NODE-CRON][32m [33m[WARN][0m missed execution at Sun Sep 27 2026 20:01:00 GMT+0700 (Indochina Time)! Possible blocking IO or high CPU user at the same process used by node-cron.
[2026-09-27T13:08:52.912Z] [PID: 15828] [32m[NODE-CRON][32m [33m[WARN][0m missed execution at Sun Sep 27 2026 20:02:00 GMT+0700 (Indochina Time)! Possible blocking IO or high CPU user at the same process used by node-cron.
[2026-09-27T13:08:52.945Z] [PID: 15828] [32m[NODE-CRON][32m [33m[WARN][0m missed execution at Sun Sep 27 2026 20:03:00 GMT+0700 (Indochina Time)! Possible blocking IO or high CPU user at the same process used by node-cron.
[2026-09-27T13:08:53.362Z] [PID: 15828] [32m[NODE-CRON][32m [33m[WARN][0m missed execution at Sun Sep 27 2026 20:04:00 GMT+0700 (Indochina Time)! Possible blocking IO or high CPU user at the same process used by node-cron.
[2026-09-27T13:08:53.660Z] [PID: 15828] [32m[NODE-CRON][32m [33m[WARN][0m missed execution at Sun Sep 27 2026 20:05:00 GMT+0700 (Indochina Time)! Possible blocking IO or high CPU user at the same process used by node-cron.
[2026-09-27T13:08:53.676Z] [PID: 15828] [32m[NODE-CRON][32m [33m[WARN][0m missed execution at Sun Sep 27 2026 20:06:00 GMT+0700 (Indochina Time)! Possible blocking IO or high CPU user at the same process used by node-cron.
[2026-09-27T13:08:53.681Z] [PID: 15828] [32m[NODE-CRON][32m [33m[WARN][0m missed execution at Sun Sep 27 2026 20:07:00 GMT+0700 (Indochina Time)! Possible blocking IO or high CPU user at the same process used by node-cron.
[2026-09-27T13:08:53.695Z] [PID: 15828] [32m[NODE-CRON][32m [33m[WARN][0m missed execution at Sun Sep 27 2026 20:08:00 GMT+0700 (Indochina Time)! Possible blocking IO or high CPU user at the same process used by node-cron.
